"hz","J","promedio temporal de 0 a 100 del valor esperado de Haar de la pureza de Choi"
0.,0.,1.
0.,0.1,0.45859341563268613
0.,0.2,0.43187434633978555
0.,0.30000000000000004,0.42227430101812297
0.,0.4,0.41940136791022326
0.,0.5,0.4165949415740603
0.,0.6000000000000001,0.4182293945728134
0.,0.7000000000000001,0.40954387095454314
0.,0.8,0.40699240210081594
0.,0.9,0.40537213344433864
0.,1.,0.3985297890408849
0.,1.1,0.3987362469850764
0.,1.2000000000000002,0.3963107137517444
0.,1.3,0.39602932233139193
0.,1.4000000000000001,0.4004030408827604
0.,1.5,0.40563073504805164
0.,1.6,0.4108807129352688
0.,1.7000000000000002,0.40317317337412617
0.,1.8,0.4212338315762047
0.,1.9000000000000001,0.41292518934812017
0.,2.,0.40086502653740785
0.,2.1,0.4112204852964224
0.,2.2,0.43644663127036143
0.,2.3000000000000003,0.466160803613481
0.,2.4000000000000004,0.4903678360242071
0.,2.5,0.504705700686081
0.,2.6,0.5191226304833083
0.,2.7,0.53039394421586
0.,2.8,0.5374504149696686
0.,2.9,0.5454100740653489
0.,3.,0.5501208209302045
0.1,0.,1.
0.1,0.1,0.457706245253547
0.1,0.2,0.42997923652069764
0.1,0.30000000000000004,0.4170982693062028
0.1,0.4,0.4068720203762649
0.1,0.5,0.3622668749580233
0.1,0.6000000000000001,0.3303206376532604
0.1,0.7000000000000001,0.3066226858002629
0.1,0.8,0.303873597913833
0.1,0.9,0.2942624771202687
0.1,1.,0.2888708071872829
0.1,1.1,0.2874551425601817
0.1,1.2000000000000002,0.28615331032651214
0.1,1.3,0.2862525592974068
0.1,1.4000000000000001,0.2908100049001545
0.1,1.5,0.2979716044606624
0.1,1.6,0.3097613994315041
0.1,1.7000000000000002,0.3167244210931193
0.1,1.8,0.330149165900318
0.1,1.9000000000000001,0.34837743789051856
0.1,2.,0.36866782862786324
0.1,2.1,0.390083824787752
0.1,2.2,0.4095904694492506
0.1,2.3000000000000003,0.4261238562854483
0.1,2.4000000000000004,0.4393300987884172
0.1,2.5,0.44933281365425
0.1,2.6,0.45751692127669663
0.1,2.7,0.4640839693376588
0.1,2.8,0.46903560903657837
0.1,2.9,0.4733410727613363
0.1,3.,0.47702625450800734
0.2,0.,1.
0.2,0.1,0.4448926925237825
0.2,0.2,0.4033612838173862
0.2,0.30000000000000004,0.3730726675635669
0.2,0.4,0.3493900735883495
0.2,0.5,0.3176590398698876
0.2,0.6000000000000001,0.2985326088694043
0.2,0.7000000000000001,0.2896093614978405
0.2,0.8,0.28619513017161774
0.2,0.9,0.28287358146886915
0.2,1.,0.2805115045518717
0.2,1.1,0.278921849010238
0.2,1.2000000000000002,0.27894291783585573
0.2,1.3,0.2813646193932382
0.2,1.4000000000000001,0.2865030115511985
0.2,1.5,0.2936279914748673
0.2,1.6,0.30496083977116845
0.2,1.7000000000000002,0.3181789600145165
0.2,1.8,0.33207501367101244
0.2,1.9000000000000001,0.35206257335045743
0.2,2.,0.3742314059000593
0.2,2.1,0.3944419240390391
0.2,2.2,0.4112501602029538
0.2,2.3000000000000003,0.4280884079745058
0.2,2.4000000000000004,0.4395290613505347
0.2,2.5,0.4484785344464896
0.2,2.6,0.4556075360677076
0.2,2.7,0.4613489330190511
0.2,2.8,0.4662339248568293
0.2,2.9,0.4703802817219957
0.2,3.,0.47377439680914357
0.30000000000000004,0.,1.
0.30000000000000004,0.1,0.4097748900060181
0.30000000000000004,0.2,0.3601093423139913
0.30000000000000004,0.30000000000000004,0.33469737980145847
0.30000000000000004,0.4,0.318257975159386
0.30000000000000004,0.5,0.3021840145811111
0.30000000000000004,0.6000000000000001,0.29249904916159325
0.30000000000000004,0.7000000000000001,0.2865210390655021
0.30000000000000004,0.8,0.28294553165051567
0.30000000000000004,0.9,0.28055774255220817
0.30000000000000004,1.,0.2788775651306752
0.30000000000000004,1.1,0.2779931865373951
0.30000000000000004,1.2000000000000002,0.27778368873360376
0.30000000000000004,1.3,0.27909361028457325
0.30000000000000004,1.4000000000000001,0.28228958395358184
0.30000000000000004,1.5,0.28818758406689404
0.30000000000000004,1.6,0.2977261936711804
0.30000000000000004,1.7000000000000002,0.3067911071361815
0.30000000000000004,1.8,0.31775335491549855
0.30000000000000004,1.9000000000000001,0.33653750624996315
0.30000000000000004,2.,0.35756466774349754
0.30000000000000004,2.1,0.3866905327001674
0.30000000000000004,2.2,0.40445205446800253
0.30000000000000004,2.3000000000000003,0.4221799102548912
0.30000000000000004,2.4000000000000004,0.43562767388275286
0.30000000000000004,2.5,0.4471376524254726
0.30000000000000004,2.6,0.45499804385798165
0.30000000000000004,2.7,0.4607527851408454
0.30000000000000004,2.8,0.4659894105521181
0.30000000000000004,2.9,0.47022979812438337
0.30000000000000004,3.,0.4737991657039813
0.4,0.,0.9999999999999999
0.4,0.1,0.3804230173672645
0.4,0.2,0.33770579028379194
0.4,0.30000000000000004,0.3188018601005422
0.4,0.4,0.307782800563009
0.4,0.5,0.2977408807142597
0.4,0.6000000000000001,0.2906429341197486
0.4,0.7000000000000001,0.286073329468512
0.4,0.8,0.28262377492866914
0.4,0.9,0.2802064491505172
0.4,1.,0.2786802498497654
0.4,1.1,0.2781038678817398
0.4,1.2000000000000002,0.27797802081862155
0.4,1.3,0.27897552175243395
0.4,1.4000000000000001,0.2808746995568711
0.4,1.5,0.2866800310123151
0.4,1.6,0.2924702846606562
0.4,1.7000000000000002,0.29723980911881087
0.4,1.8,0.30620387514180974
0.4,1.9000000000000001,0.32166804551513367
0.4,2.,0.3387967877331951
0.4,2.1,0.36070041530114905
0.4,2.2,0.3915010344586576
0.4,2.3000000000000003,0.406859406143991
0.4,2.4000000000000004,0.42438134687054685
0.4,2.5,0.4404425523381878
0.4,2.6,0.44309683297624164
0.4,2.7,0.45832964354088745
0.4,2.8,0.465009584683592
0.4,2.9,0.46949797829130563
0.4,3.,0.47305448508636483
0.5,0.,1.
0.5,0.1,0.37656311941361936
0.5,0.2,0.3324061322587405
0.5,0.30000000000000004,0.31494106741652017
0.5,0.4,0.3049482889851053
0.5,0.5,0.2972220256397412
0.5,0.6000000000000001,0.29041488334418436
0.5,0.7000000000000001,0.2860858224863668
0.5,0.8,0.28329157492321594
0.5,0.9,0.28145179046640606
0.5,1.,0.2794809248999714
0.5,1.1,0.278997057229768
0.5,1.2000000000000002,0.27877237148275386
0.5,1.3,0.2795519389836183
0.5,1.4000000000000001,0.2811925667744634
0.5,1.5,0.28358630175872485
0.5,1.6,0.28737361215370694
0.5,1.7000000000000002,0.29243743951146384
0.5,1.8,0.29797563619166406
0.5,1.9000000000000001,0.3084601346420569
0.5,2.,0.31685102473427756
0.5,2.1,0.3375210296373475
0.5,2.2,0.36088778711003744
0.5,2.3000000000000003,0.3738698037869456
0.5,2.4000000000000004,0.39787076838194163
0.5,2.5,0.41840784984923696
0.5,2.6,0.43988028459511413
0.5,2.7,0.4513730013142885
0.5,2.8,0.4536203060711536
0.5,2.9,0.4648946279942423
0.5,3.,0.4738083773595377
0.6000000000000001,0.,1.0000000000000002
0.6000000000000001,0.1,0.3899148540667754
0.6000000000000001,0.2,0.33614988589085637
0.6000000000000001,0.30000000000000004,0.31656790570918175
0.6000000000000001,0.4,0.30619693293948663
0.6000000000000001,0.5,0.29804764440025416
0.6000000000000001,0.6000000000000001,0.2921377935193511
0.6000000000000001,0.7000000000000001,0.2876772447993802
0.6000000000000001,0.8,0.28485907269118144
0.6000000000000001,0.9,0.2833387634944638
0.6000000000000001,1.,0.2812154591603858
0.6000000000000001,1.1,0.28005758748855475
0.6000000000000001,1.2000000000000002,0.2796842270029825
0.6000000000000001,1.3,0.2805263819035447
0.6000000000000001,1.4000000000000001,0.2818921040129555
0.6000000000000001,1.5,0.2832255163893451
0.6000000000000001,1.6,0.285910636370218
0.6000000000000001,1.7000000000000002,0.29184316320379033
0.6000000000000001,1.8,0.2949991453100753
0.6000000000000001,1.9000000000000001,0.30212861428874693
0.6000000000000001,2.,0.31359233121635754
0.6000000000000001,2.1,0.32588800172976085
0.6000000000000001,2.2,0.34370005589029295
0.6000000000000001,2.3000000000000003,0.35005625744486646
0.6000000000000001,2.4000000000000004,0.37055360690704503
0.6000000000000001,2.5,0.39472525758357124
0.6000000000000001,2.6,0.4037796441234176
0.6000000000000001,2.7,0.4226515326449678
0.6000000000000001,2.8,0.43877923047641765
0.6000000000000001,2.9,0.4481953895015569
0.6000000000000001,3.,0.4622189164045766
0.7000000000000001,0.,1.
0.7000000000000001,0.1,0.40533947118379376
0.7000000000000001,0.2,0.3436148648505609
0.7000000000000001,0.30000000000000004,0.3189127369257791
0.7000000000000001,0.4,0.3075738995110546
0.7000000000000001,0.5,0.3008048245671605
0.7000000000000001,0.6000000000000001,0.2946443911141372
0.7000000000000001,0.7000000000000001,0.29053515618843384
0.7000000000000001,0.8,0.28709679541666594
0.7000000000000001,0.9,0.28572302744642597
0.7000000000000001,1.,0.2834502442854018
0.7000000000000001,1.1,0.28239688918487654
0.7000000000000001,1.2000000000000002,0.2827737864697841
0.7000000000000001,1.3,0.28448822796912626
0.7000000000000001,1.4000000000000001,0.2856127922802414
0.7000000000000001,1.5,0.28655540513601674
0.7000000000000001,1.6,0.28761801357089206
0.7000000000000001,1.7000000000000002,0.29015373391537697
0.7000000000000001,1.8,0.2948253725482956
0.7000000000000001,1.9000000000000001,0.3006456789109729
0.7000000000000001,2.,0.30739797070440905
0.7000000000000001,2.1,0.3160497868148728
0.7000000000000001,2.2,0.3302587463966087
0.7000000000000001,2.3000000000000003,0.3531304047121813
0.7000000000000001,2.4000000000000004,0.37081945916667575
0.7000000000000001,2.5,0.3892027357689125
0.7000000000000001,2.6,0.3888576484390852
0.7000000000000001,2.7,0.3925920188826867
0.7000000000000001,2.8,0.4140759504301302
0.7000000000000001,2.9,0.4376980118216332
0.7000000000000001,3.,0.45179850857977666
0.8,0.,0.9999999999999999
0.8,0.1,0.400065862422017
0.8,0.2,0.34633262132378795
0.8,0.30000000000000004,0.3240034885133353
0.8,0.4,0.3122998861483228
0.8,0.5,0.30649195011070285
0.8,0.6000000000000001,0.30214390319246726
0.8,0.7000000000000001,0.2963761281332495
0.8,0.8,0.2925968187595207
0.8,0.9,0.290495842603944
0.8,1.,0.28771512888619777
0.8,1.1,0.2855702583217957
0.8,1.2000000000000002,0.2855776165528027
0.8,1.3,0.28590437207387637
0.8,1.4000000000000001,0.28724757529572253
0.8,1.5,0.2899489327042562
0.8,1.6,0.29201076586173463
0.8,1.7000000000000002,0.29519562661898907
0.8,1.8,0.2977191760208448
0.8,1.9000000000000001,0.30116148049707614
0.8,2.,0.3085058749013214
0.8,2.1,0.3144203672116527
0.8,2.2,0.3207541834600177
0.8,2.3000000000000003,0.3314563535886961
0.8,2.4000000000000004,0.3381036571172923
0.8,2.5,0.3616103235120417
0.8,2.6,0.3849891110236764
0.8,2.7,0.40406709532474083
0.8,2.8,0.40648665777413534
0.8,2.9,0.4183361208886219
0.8,3.,0.4337915119613047
0.9,0.,1.0000000000000002
0.9,0.1,0.41002855869141774
0.9,0.2,0.3566731874843982
0.9,0.30000000000000004,0.33684603974455846
0.9,0.4,0.32448212719349945
0.9,0.5,0.3182900138984345
0.9,0.6000000000000001,0.3103392716394314
0.9,0.7000000000000001,0.3030441554192851
0.9,0.8,0.29826790003144427
0.9,0.9,0.29573702845543054
0.9,1.,0.29452776344738174
0.9,1.1,0.2929299454312677
0.9,1.2000000000000002,0.2917957467408649
0.9,1.3,0.2919160532804874
0.9,1.4000000000000001,0.2907897349790395
0.9,1.5,0.293075979529967
0.9,1.6,0.29437304662613784
0.9,1.7000000000000002,0.29725919098089376
0.9,1.8,0.2990324993217594
0.9,1.9000000000000001,0.30359357236679346
0.9,2.,0.3138388951971362
0.9,2.1,0.32156729233022985
0.9,2.2,0.32272748557926484
0.9,2.3000000000000003,0.33241058996267087
0.9,2.4000000000000004,0.3428911740483693
0.9,2.5,0.3458045324093243
0.9,2.6,0.35450025535168833
0.9,2.7,0.3760697369254697
0.9,2.8,0.3914041036468734
0.9,2.9,0.4072033950518422
0.9,3.,0.4247110749278249
1.,0.,1.0000000000000002
1.,0.1,0.44405199291158204
1.,0.2,0.37939740825548357
1.,0.30000000000000004,0.3538382559187425
1.,0.4,0.34100765879085776
1.,0.5,0.3311464699719367
1.,0.6000000000000001,0.3229028187221422
1.,0.7000000000000001,0.3129229551984923
1.,0.8,0.3074180003128341
1.,0.9,0.3039512309766402
1.,1.,0.29851009152043906
1.,1.1,0.29771874199537407
1.,1.2000000000000002,0.3008567230108118
1.,1.3,0.3009299950617476
1.,1.4000000000000001,0.3000073579936943
1.,1.5,0.3015696116321053
1.,1.6,0.30076429381141806
1.,1.7000000000000002,0.30120234303784377
1.,1.8,0.3057803908765184
1.,1.9000000000000001,0.30681755776120834
1.,2.,0.31313838426688423
1.,2.1,0.31980507072634895
1.,2.2,0.3258549889018235
1.,2.3000000000000003,0.33698785237265627
1.,2.4000000000000004,0.3369819244710871
1.,2.5,0.3547051036322611
1.,2.6,0.36558429043605073
1.,2.7,0.3671928144634852
1.,2.8,0.3756399600725854
1.,2.9,0.3845207557434457
1.,3.,0.39940779652137587
1.1,0.,1.
1.1,0.1,0.4860237903607037
1.1,0.2,0.4126073228150971
1.1,0.30000000000000004,0.3775235351198392
1.1,0.4,0.35945016745917846
1.1,0.5,0.348554148243732
1.1,0.6000000000000001,0.3402691158724664
1.1,0.7000000000000001,0.33104940823954826
1.1,0.8,0.32032001496389173
1.1,0.9,0.31583561343150923
1.1,1.,0.30793068429694875
1.1,1.1,0.3062602721756703
1.1,1.2000000000000002,0.30632105755547184
1.1,1.3,0.3071699164872208
1.1,1.4000000000000001,0.3100130153530728
1.1,1.5,0.30879603877350326
1.1,1.6,0.3076206577419629
1.1,1.7000000000000002,0.30925850488973966
1.1,1.8,0.31131349237872835
1.1,1.9000000000000001,0.31277839062097945
1.1,2.,0.31731429747795303
1.1,2.1,0.3196414004150529
1.1,2.2,0.3240164227398799
1.1,2.3000000000000003,0.32943857780250196
1.1,2.4000000000000004,0.34205276402551293
1.1,2.5,0.3495519800345277
1.1,2.6,0.3557036468656156
1.1,2.7,0.37340195904295853
1.1,2.8,0.38697192504562355
1.1,2.9,0.39345206771003094
1.1,3.,0.41475720774572905
1.2000000000000002,0.,1.
1.2000000000000002,0.1,0.5259134702460238
1.2000000000000002,0.2,0.45220190479336003
1.2000000000000002,0.30000000000000004,0.41106510875146224
1.2000000000000002,0.4,0.3840374661297429
1.2000000000000002,0.5,0.36651931794193504
1.2000000000000002,0.6000000000000001,0.35510237056002536
1.2000000000000002,0.7000000000000001,0.3463301812072129
1.2000000000000002,0.8,0.33249771981857124
1.2000000000000002,0.9,0.32220010800617926
1.2000000000000002,1.,0.3238024575957843
1.2000000000000002,1.1,0.31795670544718935
1.2000000000000002,1.2000000000000002,0.3137579004841532
1.2000000000000002,1.3,0.3174528188830889
1.2000000000000002,1.4000000000000001,0.31781703670522277
1.2000000000000002,1.5,0.3190696124223684
1.2000000000000002,1.6,0.3202238925659251
1.2000000000000002,1.7000000000000002,0.31751577649569057
1.2000000000000002,1.8,0.3195485281219196
1.2000000000000002,1.9000000000000001,0.3206278759882993
1.2000000000000002,2.,0.3248734658743016
1.2000000000000002,2.1,0.3288447072941104
1.2000000000000002,2.2,0.329142366345024
1.2000000000000002,2.3000000000000003,0.33173893414480854
1.2000000000000002,2.4000000000000004,0.3348097998035931
1.2000000000000002,2.5,0.34077742315352316
1.2000000000000002,2.6,0.35258941996646537
1.2000000000000002,2.7,0.35762901091849975
1.2000000000000002,2.8,0.37156488446914127
1.2000000000000002,2.9,0.38926255605580806
1.2000000000000002,3.,0.3932977088611844
1.3,0.,1.
1.3,0.1,0.5593173815233123
1.3,0.2,0.4915503846106431
1.3,0.30000000000000004,0.450546378658077
1.3,0.4,0.4197416277456065
1.3,0.5,0.3950138845977393
1.3,0.6000000000000001,0.3761226132518487
1.3,0.7000000000000001,0.36249846169662725
1.3,0.8,0.34548225920749764
1.3,0.9,0.33740720798393725
1.3,1.,0.3302277308957485
1.3,1.1,0.32856651307272117
1.3,1.2000000000000002,0.3269977078015377
1.3,1.3,0.3241239788912786
1.3,1.4000000000000001,0.3259745492981432
1.3,1.5,0.32674162396920103
1.3,1.6,0.3298443246363008
1.3,1.7000000000000002,0.3311019585988139
1.3,1.8,0.3318924130597274
1.3,1.9000000000000001,0.33565843469292667
1.3,2.,0.33917888583934336
1.3,2.1,0.340954765475294
1.3,2.2,0.3408710516413398
1.3,2.3000000000000003,0.3421356535908598
1.3,2.4000000000000004,0.34534196710759757
1.3,2.5,0.3432181464698562
1.3,2.6,0.3427613587905686
1.3,2.7,0.35180780440503173
1.3,2.8,0.3626452068781436
1.3,2.9,0.3632996704931714
1.3,3.,0.38399097944845445
1.4000000000000001,0.,1.0000000000000002
1.4000000000000001,0.1,0.5879720385106614
1.4000000000000001,0.2,0.5236999985459219
1.4000000000000001,0.30000000000000004,0.48784607584059564
1.4000000000000001,0.4,0.45847019662594174
1.4000000000000001,0.5,0.4328209504351041
1.4000000000000001,0.6000000000000001,0.40528192682281594
1.4000000000000001,0.7000000000000001,0.3874641180569174
1.4000000000000001,0.8,0.3687789429200513
1.4000000000000001,0.9,0.35429333232738464
1.4000000000000001,1.,0.34437712247259294
1.4000000000000001,1.1,0.34080760847166375
1.4000000000000001,1.2000000000000002,0.33644351322916116
1.4000000000000001,1.3,0.3329400931347458
1.4000000000000001,1.4000000000000001,0.3345373389326729
1.4000000000000001,1.5,0.3368414372447503
1.4000000000000001,1.6,0.333761015239218
1.4000000000000001,1.7000000000000002,0.3331991434538119
1.4000000000000001,1.8,0.3396856879432719
1.4000000000000001,1.9000000000000001,0.3434167961792331
1.4000000000000001,2.,0.34912413870054276
1.4000000000000001,2.1,0.3544163070947735
1.4000000000000001,2.2,0.3596826858720241
1.4000000000000001,2.3000000000000003,0.36144806112352557
1.4000000000000001,2.4000000000000004,0.3565466508681205
1.4000000000000001,2.5,0.3601301567826802
1.4000000000000001,2.6,0.35765659873860645
1.4000000000000001,2.7,0.3522130392780579
1.4000000000000001,2.8,0.35090914040501736
1.4000000000000001,2.9,0.36180719702836334
1.4000000000000001,3.,0.3723427718547398
1.5,0.,1.
1.5,0.1,0.6133523117299301
1.5,0.2,0.5489080684343144
1.5,0.30000000000000004,0.5172108992572855
1.5,0.4,0.49280457059148985
1.5,0.5,0.4683508559721841
1.5,0.6000000000000001,0.44291849330702115
1.5,0.7000000000000001,0.41552186910507294
1.5,0.8,0.39662344496466945
1.5,0.9,0.37308800042636064
1.5,1.,0.36293514170259583
1.5,1.1,0.34894773300883297
1.5,1.2000000000000002,0.34686616752554034
1.5,1.3,0.34743245395885775
1.5,1.4000000000000001,0.34486300068744163
1.5,1.5,0.34540451831448726
1.5,1.6,0.34469413360758316
1.5,1.7000000000000002,0.34090417723628447
1.5,1.8,0.3470373655796845
1.5,1.9000000000000001,0.34342505579564075
1.5,2.,0.3545286521369821
1.5,2.1,0.3631540056794798
1.5,2.2,0.3693064461139419
1.5,2.3000000000000003,0.37269332486567647
1.5,2.4000000000000004,0.3797134751995874
1.5,2.5,0.38419819586843335
1.5,2.6,0.3785780192174411
1.5,2.7,0.3756902625485048
1.5,2.8,0.3693551010594276
1.5,2.9,0.3602714706129299
1.5,3.,0.3587994033329367
1.6,0.,1.0000000000000002
1.6,0.1,0.6351401480170559
1.6,0.2,0.5682691987129566
1.6,0.30000000000000004,0.5398939621245497
1.6,0.4,0.5189942905647804
1.6,0.5,0.4992025456713986
1.6,0.6000000000000001,0.47754688508767856
1.6,0.7000000000000001,0.44357887199514245
1.6,0.8,0.4210040092836165
1.6,0.9,0.39912084307153095
1.6,1.,0.3811860812584556
1.6,1.1,0.3738487208461105
1.6,1.2000000000000002,0.3569878775884758
1.6,1.3,0.3529982997208814
1.6,1.4000000000000001,0.35911475666635684
1.6,1.5,0.35128090242571175
1.6,1.6,0.35227465981315237
1.6,1.7000000000000002,0.3527273984713854
1.6,1.8,0.3474596864284703
1.6,1.9000000000000001,0.35349448551833007
1.6,2.,0.3579110705371599
1.6,2.1,0.3614399086966034
1.6,2.2,0.37492785475487495
1.6,2.3000000000000003,0.37954339585770036
1.6,2.4000000000000004,0.39075396094775466
1.6,2.5,0.39647739338289406
1.6,2.6,0.40306254098267297
1.6,2.7,0.4055585388042149
1.6,2.8,0.39765543922796254
1.6,2.9,0.3889355852318561
1.6,3.,0.3809968714058208
1.7000000000000002,0.,1.
1.7000000000000002,0.1,0.6538881727721291
1.7000000000000002,0.2,0.5844978280309201
1.7000000000000002,0.30000000000000004,0.5566724915330284
1.7000000000000002,0.4,0.5374316312948374
1.7000000000000002,0.5,0.5231176635357964
1.7000000000000002,0.6000000000000001,0.5055775092424658
1.7000000000000002,0.7000000000000001,0.4761911180972098
1.7000000000000002,0.8,0.44501611083057463
1.7000000000000002,0.9,0.4238655270809907
1.7000000000000002,1.,0.4030748072658286
1.7000000000000002,1.1,0.3895252687444568
1.7000000000000002,1.2000000000000002,0.3793283984449681
1.7000000000000002,1.3,0.3703714778416478
1.7000000000000002,1.4000000000000001,0.3635798054975949
1.7000000000000002,1.5,0.36476381098022637
1.7000000000000002,1.6,0.35450613519280294
1.7000000000000002,1.7000000000000002,0.35913658225653394
1.7000000000000002,1.8,0.35859356734585
1.7000000000000002,1.9000000000000001,0.3563725416485691
1.7000000000000002,2.,0.3590741716495509
1.7000000000000002,2.1,0.3639827304474381
1.7000000000000002,2.2,0.3736826965667443
1.7000000000000002,2.3000000000000003,0.3857695319922137
1.7000000000000002,2.4000000000000004,0.38973696352687365
1.7000000000000002,2.5,0.40020535948172004
1.7000000000000002,2.6,0.40775890397706804
1.7000000000000002,2.7,0.4246953925616327
1.7000000000000002,2.8,0.42916478621849224
1.7000000000000002,2.9,0.4245524668261
1.7000000000000002,3.,0.41201907476087785
1.8,0.,1.
1.8,0.1,0.6707046809349129
1.8,0.2,0.5985387776091603
1.8,0.30000000000000004,0.5697877833884853
1.8,0.4,0.5516262837269023
1.8,0.5,0.5409886889032871
1.8,0.6000000000000001,0.5258462871606944
1.8,0.7000000000000001,0.5018243231137317
1.8,0.8,0.4743850956278115
1.8,0.9,0.4496003039044436
1.8,1.,0.4250950482623294
1.8,1.1,0.40702651207435464
1.8,1.2000000000000002,0.39058935910749776
1.8,1.3,0.38280197498564195
1.8,1.4000000000000001,0.3746242807535521
1.8,1.5,0.37182310726178924
1.8,1.6,0.3711382719060741
1.8,1.7000000000000002,0.36304189871345266
1.8,1.8,0.36687974138580237
1.8,1.9000000000000001,0.36480458228646806
1.8,2.,0.36293317354851495
1.8,2.1,0.3659254336049568
1.8,2.2,0.374173682720314
1.8,2.3000000000000003,0.3855527830600079
1.8,2.4000000000000004,0.3972794507180983
1.8,2.5,0.39877064387290007
1.8,2.6,0.40657791270351085
1.8,2.7,0.4226460587541437
1.8,2.8,0.43644024578911733
1.8,2.9,0.44501050092150507
1.8,3.,0.44398747055333415
1.9000000000000001,0.,1.
1.9000000000000001,0.1,0.6863230725429418
1.9000000000000001,0.2,0.6110343590197463
1.9000000000000001,0.30000000000000004,0.5806990278956665
1.9000000000000001,0.4,0.5635382930077482
1.9000000000000001,0.5,0.5536145318393311
1.9000000000000001,0.6000000000000001,0.5402496634202718
1.9000000000000001,0.7000000000000001,0.5204692430482216
1.9000000000000001,0.8,0.5011252225148008
1.9000000000000001,0.9,0.47400425966945436
1.9000000000000001,1.,0.4501513004939307
1.9000000000000001,1.1,0.42828257210166903
1.9000000000000001,1.2000000000000002,0.40741271717336075
1.9000000000000001,1.3,0.3993134812926064
1.9000000000000001,1.4000000000000001,0.39203180484288425
1.9000000000000001,1.5,0.3847683770440968
1.9000000000000001,1.6,0.37892469540100154
1.9000000000000001,1.7000000000000002,0.376769872433006
1.9000000000000001,1.8,0.3703054797286467
1.9000000000000001,1.9000000000000001,0.37503095169376754
1.9000000000000001,2.,0.37114479257592436
1.9000000000000001,2.1,0.3712148663499729
1.9000000000000001,2.2,0.3718954932673214
1.9000000000000001,2.3000000000000003,0.37933238410009223
1.9000000000000001,2.4000000000000004,0.3946672374911645
1.9000000000000001,2.5,0.4080382166437764
1.9000000000000001,2.6,0.40625345135860236
1.9000000000000001,2.7,0.41855640973708486
1.9000000000000001,2.8,0.4309331743563412
1.9000000000000001,2.9,0.44529823839213534
1.9000000000000001,3.,0.45537733536891006
2.,0.,1.0000000000000002
2.,0.1,0.7009427219745227
2.,0.2,0.6227756785987154
2.,0.30000000000000004,0.5901465600096021
2.,0.4,0.5735362907331962
2.,0.5,0.5630337546901271
2.,0.6000000000000001,0.5520145191735423
2.,0.7000000000000001,0.5335337133410889
2.,0.8,0.5180210591254604
2.,0.9,0.500358192009343
2.,1.,0.47185513449077016
2.,1.1,0.4508144972522723
2.,1.2000000000000002,0.4259199031915169
2.,1.3,0.41272712665422917
2.,1.4000000000000001,0.4052018690813736
2.,1.5,0.3950415411260707
2.,1.6,0.39204589846377447
2.,1.7000000000000002,0.3837581177419138
2.,1.8,0.38214025843625665
2.,1.9000000000000001,0.37713678568626563
2.,2.,0.38284723256656294
2.,2.1,0.3791476262512356
2.,2.2,0.3788644163583908
2.,2.3000000000000003,0.38046634791499173
2.,2.4000000000000004,0.38325763412374153
2.,2.5,0.4018967970839871
2.,2.6,0.41070633869197515
2.,2.7,0.42346632338579093
2.,2.8,0.4263992095026549
2.,2.9,0.44036327240160156
2.,3.,0.4511475265273907
2.1,0.,1.
2.1,0.1,0.7144517712373839
2.1,0.2,0.6337414593998983
2.1,0.30000000000000004,0.5988832198912336
2.1,0.4,0.5823009894708112
2.1,0.5,0.5707470177079685
2.1,0.6000000000000001,0.5613325868455493
2.1,0.7000000000000001,0.5441848177036636
2.1,0.8,0.5282715723155904
2.1,0.9,0.516789125796401
2.1,1.,0.49706392988087256
2.1,1.1,0.4696809137443003
2.1,1.2000000000000002,0.44584065130200395
2.1,1.3,0.42229678827768724
2.1,1.4000000000000001,0.41461392963435667
2.1,1.5,0.4101391433426322
2.1,1.6,0.4089790610781714
2.1,1.7000000000000002,0.4003053285172791
2.1,1.8,0.3897917503483835
2.1,1.9000000000000001,0.38674875453726143
2.1,2.,0.38315313127063877
2.1,2.1,0.3895757197911302
2.1,2.2,0.3867157577483101
2.1,2.3000000000000003,0.3862139805993178
2.1,2.4000000000000004,0.38708468558230896
2.1,2.5,0.39240928442193
2.1,2.6,0.4113366315337725
2.1,2.7,0.42402203060603116
2.1,2.8000000000000003,0.43200210921174437
2.1,2.9000000000000004,0.4381833007575218
2.1,3.,0.4476268324263558
2.2,0.,1.0000000000000002
2.2,0.1,0.7266697159600279
2.2,0.2,0.6437906615272319
2.2,0.30000000000000004,0.6069237922889213
2.2,0.4,0.5894953793346855
2.2,0.5,0.5779105111123266
2.2,0.6000000000000001,0.5690016284120517
2.2,0.7000000000000001,0.5528484821655365
2.2,0.8,0.5367422331081916
2.2,0.9,0.5277566546580491
2.2,1.,0.5174985252199991
2.2,1.1,0.48616485554556954
2.2,1.2000000000000002,0.46300384283124707
2.2,1.3,0.44981486093147593
2.2,1.4000000000000001,0.43431433894563354
2.2,1.5,0.42468723184978163
2.2,1.6,0.41339282776357456
2.2,1.7000000000000002,0.4171819598764352
2.2,1.8,0.40525849586693385
2.2,1.9000000000000001,0.39413843875936794
2.2,2.,0.3915180907891033
2.2,2.1,0.38914036244543454
2.2,2.2,0.39578743059978316
2.2,2.3000000000000003,0.3945644569991227
2.2,2.4000000000000004,0.39372484922705675
2.2,2.5,0.3922692603610232
2.2,2.6,0.39858581708295554
2.2,2.7,0.4161252570426882
2.2,2.8000000000000003,0.4308700133546573
2.2,2.9000000000000004,0.43987285584725916
2.2,3.,0.4487468075358427
2.3000000000000003,0.,1.0000000000000002
2.3000000000000003,0.1,0.7374970358332267
2.3000000000000003,0.2,0.6532248131055822
2.3000000000000003,0.30000000000000004,0.6147331691556098
2.3000000000000003,0.4,0.5960679594429832
2.3000000000000003,0.5,0.584872097521565
2.3000000000000003,0.6000000000000001,0.5753260691415671
2.3000000000000003,0.7000000000000001,0.5607509607203192
2.3000000000000003,0.8,0.544509690401499
2.3000000000000003,0.9,0.5362210423789284
2.3000000000000003,1.,0.5268933847568388
2.3000000000000003,1.1,0.5092719304723956
2.3000000000000003,1.2000000000000002,0.4806729047669937
2.3000000000000003,1.3,0.47016648242237397
2.3000000000000003,1.4000000000000001,0.4512556185104353
2.3000000000000003,1.5,0.43599949107892416
2.3000000000000003,1.6,0.4366514369282705
2.3000000000000003,1.7000000000000002,0.43105299495795896
2.3000000000000003,1.8,0.42022879364770116
2.3000000000000003,1.9000000000000001,0.4106183015826917
2.3000000000000003,2.,0.3989301465519218
2.3000000000000003,2.1,0.39656145642518925
2.3000000000000003,2.2,0.39370456329300874
2.3000000000000003,2.3000000000000003,0.4015767589736751
2.3000000000000003,2.4000000000000004,0.4025252223564886
2.3000000000000003,2.5,0.4006882166151005
2.3000000000000003,2.6,0.39862818776780495
2.3000000000000003,2.7,0.4032621078312452
2.3000000000000003,2.8000000000000003,0.42606280518629774
2.3000000000000003,2.9000000000000004,0.4348390466705993
2.3000000000000003,3.,0.44298570649687996
2.4000000000000004,0.,1.0000000000000002
2.4000000000000004,0.1,0.7469627364341256
2.4000000000000004,0.2,0.6624646732006652
2.4000000000000004,0.30000000000000004,0.6225554878337648
2.4000000000000004,0.4,0.6019549112086692
2.4000000000000004,0.5,0.5912757799555731
2.4000000000000004,0.6000000000000001,0.58077214301395
2.4000000000000004,0.7000000000000001,0.5678184240475089
2.4000000000000004,0.8,0.5517386351274661
2.4000000000000004,0.9,0.5427515008854171
2.4000000000000004,1.,0.5348774680041017
2.4000000000000004,1.1,0.5241100456761526
2.4000000000000004,1.2000000000000002,0.5038199514842995
2.4000000000000004,1.3,0.4807321960120976
2.4000000000000004,1.4000000000000001,0.4693658275769782
2.4000000000000004,1.5,0.45333992584577976
2.4000000000000004,1.6,0.4394538280561933
2.4000000000000004,1.7000000000000002,0.4377488306232793
2.4000000000000004,1.8,0.44511416987419283
2.4000000000000004,1.9000000000000001,0.42247771209781493
2.4000000000000004,2.,0.4146478629814888
2.4000000000000004,2.1,0.40283193547540996
2.4000000000000004,2.2,0.40062756577484016
2.4000000000000004,2.3000000000000003,0.398444568657885
2.4000000000000004,2.4000000000000004,0.4073525416084919
2.4000000000000004,2.5,0.41034267191928464
2.4000000000000004,2.6,0.4088373142663067
2.4000000000000004,2.7,0.4033406272268521
2.4000000000000004,2.8000000000000003,0.4103126695220343
2.4000000000000004,2.9000000000000004,0.4308523291737082
2.4000000000000004,3.,0.43858488504198634
2.5,0.,1.
2.5,0.1,0.7552013777306317
2.5,0.2,0.6716925106182825
2.5,0.30000000000000004,0.6301631156021176
2.5,0.4,0.6075341779619583
2.5,0.5,0.5970126035849126
2.5,0.6000000000000001,0.5862643178560254
2.5,0.7000000000000001,0.5739562881351564
2.5,0.8,0.5585470266157913
2.5,0.9,0.5482845747292264
2.5,1.,0.5410381267673331
2.5,1.1,0.5329429392270881
2.5,1.2000000000000002,0.515399029486126
2.5,1.3,0.499978453769003
2.5,1.4000000000000001,0.484767407329393
2.5,1.5,0.47320345860446467
2.5,1.6,0.45260688461549253
2.5,1.7000000000000002,0.44525001983407014
2.5,1.8,0.4471601147226615
2.5,1.9000000000000001,0.45629366833403256
2.5,2.,0.42704997008098344
2.5,2.1,0.41868236343899257
2.5,2.2,0.4063275247199806
2.5,2.3000000000000003,0.4045539682834349
2.5,2.4000000000000004,0.4039148628730942
2.5,2.5,0.4154991375291198
2.5,2.6,0.41835562200094445
2.5,2.7,0.4174782109501798
2.5,2.8000000000000003,0.408357458957086
2.5,2.9000000000000004,0.4121311822237226
2.5,3.,0.4364406796448181
2.6,0.,0.9999999999999999
2.6,0.1,0.7624018704294256
2.6,0.2,0.6808600154039397
2.6,0.30000000000000004,0.6374410627309918
2.6,0.4,0.613232193568655
2.6,0.5,0.6019490623115722
2.6,0.6000000000000001,0.5917576377600365
2.6,0.7000000000000001,0.579188812434753
2.6,0.8,0.5648673652523499
2.6,0.9,0.5531210326707501
2.6,1.,0.5458881230469175
2.6,1.1,0.5396508998063289
2.6,1.2000000000000002,0.5252133029393247
2.6,1.3,0.5174734964746422
2.6,1.4000000000000001,0.5040925036375244
2.6,1.5,0.4856720145675402
2.6,1.6,0.47098634344525836
2.6,1.7000000000000002,0.45395922328712957
2.6,1.8,0.4529761498292168
2.6,1.9000000000000001,0.4587087540918077
2.6,2.,0.4595166920599158
2.6,2.1,0.4315560831421865
2.6,2.2,0.42274370723330507
2.6,2.3000000000000003,0.4101470089509746
2.6,2.4000000000000004,0.4095649240618883
2.6,2.5,0.4102630037656466
2.6,2.6,0.42180133647637186
2.6,2.7,0.42611179224026147
2.6,2.8000000000000003,0.42286642074038655
2.6,2.9000000000000004,0.4122783214509343
2.6,3.,0.41657612778652514
2.7,0.,0.9999999999999999
2.7,0.1,0.7687596749650136
2.7,0.2,0.6898448622607655
2.7,0.30000000000000004,0.6445094672745313
2.7,0.4,0.6190926000589522
2.7,0.5,0.6059486646683039
2.7,0.6000000000000001,0.5971586158704583
2.7,0.7000000000000001,0.5842124249145195
2.7,0.8,0.5708543600884087
2.7,0.9,0.5578959880119322
2.7,1.,0.5506962956246256
2.7,1.1,0.5458325041988866
2.7,1.2000000000000002,0.5350362416667723
2.7,1.3,0.523061352460836
2.7,1.4000000000000001,0.511108194508603
2.7,1.5,0.4988245875556308
2.7,1.6,0.484788854891853
2.7,1.7000000000000002,0.47049323601371507
2.7,1.8,0.4603774086567728
2.7,1.9000000000000001,0.46639375823040724
2.7,2.,0.467587717310251
2.7,2.1,0.4638907858551183
2.7,2.2,0.4359424448591391
2.7,2.3000000000000003,0.42539871948063335
2.7,2.4000000000000004,0.41354800843402284
2.7,2.5,0.41437672817454657
2.7,2.6,0.4175535413436948
2.7,2.7,0.42831331131608547
2.7,2.8000000000000003,0.43346401270913176
2.7,2.9000000000000004,0.43000452146627377
2.7,3.,0.4160501499641227
2.8,0.,1.
2.8,0.1,0.7744462796212236
2.8,0.2,0.6985471893667606
2.8,0.30000000000000004,0.651534020408364
2.8,0.4,0.6248984426570025
2.8,0.5,0.6099751652536698
2.8,0.6000000000000001,0.602188797587203
2.8,0.7000000000000001,0.5891654572005923
2.8,0.8,0.5760704057308264
2.8,0.9,0.5632294337206813
2.8,1.,0.5556148434457318
2.8,1.1,0.5492300954332175
2.8,1.2000000000000002,0.5412120866775237
2.8,1.3,0.5298573876619559
2.8,1.4000000000000001,0.5143133494200388
2.8,1.5,0.4996953744558648
2.8,1.6,0.49432152674875407
2.8,1.7000000000000002,0.4839261252470496
2.8,1.8,0.46655209601398845
2.8,1.9000000000000001,0.4659435536134433
2.8,2.,0.4812742435610949
2.8000000000000003,2.1,0.4737539742660586
2.8000000000000003,2.2,0.46640140964960564
2.8000000000000003,2.3000000000000003,0.44060008351612373
2.8000000000000003,2.4000000000000004,0.42707330367594176
2.8000000000000003,2.5,0.4168834408797559
2.8000000000000003,2.6,0.41805058200277134
2.8000000000000003,2.7,0.4250880910570035
2.8000000000000003,2.8000000000000003,0.43567499280790295
2.8000000000000003,2.9000000000000004,0.4409896925702762
2.8000000000000003,3.,0.4369803741578684
2.9,0.,1.0000000000000002
2.9,0.1,0.7795965002079084
2.9,0.2,0.7069091312303587
2.9,0.30000000000000004,0.6585787035121099
2.9,0.4,0.6306193403868211
2.9,0.5,0.6141797907829273
2.9,0.6000000000000001,0.6062871817682941
2.9,0.7000000000000001,0.594449848978526
2.9,0.8,0.5807849062687233
2.9,0.9,0.5684189324755662
2.9,1.,0.5595221840477116
2.9,1.1,0.5526131953498274
2.9,1.2000000000000002,0.5469578048115715
2.9,1.3,0.5363472800430833
2.9,1.4000000000000001,0.5277267168780346
2.9,1.5,0.5190625009308646
2.9,1.6,0.5036656276324598
2.9,1.7000000000000002,0.5009952879273127
2.9,1.8,0.48410532344903323
2.9,1.9000000000000001,0.4692527823106595
2.9,2.,0.47700210572590956
2.9000000000000004,2.1,0.49170242263592906
2.9000000000000004,2.2,0.47680588516897116
2.9000000000000004,2.3000000000000003,0.46853459871883496
2.9000000000000004,2.4000000000000004,0.4465274817014686
2.9000000000000004,2.5,0.4289024236832927
2.9000000000000004,2.6,0.4201659541498695
2.9000000000000004,2.7,0.4222564262998734
2.9000000000000004,2.8000000000000003,0.43204539527253216
2.9000000000000004,2.9000000000000004,0.4427159847391476
2.9000000000000004,3.,0.4482183545513321
3.,0.,1.
3.,0.1,0.7843083351649787
3.,0.2,0.7149028237835623
3.,0.30000000000000004,0.665606673554718
3.,0.4,0.6363839904060884
3.,0.5,0.6185424065892196
3.,0.6000000000000001,0.6097694798714041
3.,0.7000000000000001,0.5997055335605271
3.,0.8,0.5852256325639545
3.,0.9,0.5736038189571047
3.,1.,0.5634434776892843
3.,1.1,0.5563180309627129
3.,1.2000000000000002,0.5519270500494986
3.,1.3,0.54217153425392
3.,1.4000000000000001,0.5339920169769554
3.,1.5,0.5289386785829105
3.,1.6,0.5150750206537887
3.,1.7000000000000002,0.510803789566193
3.,1.8,0.49776887196350755
3.,1.9000000000000001,0.48051638297134475
3.,2.,0.47598856562533626
3.,2.1,0.48950366106452814
3.,2.2,0.49684818513152856
3.,2.3000000000000003,0.4792752930423834
3.,2.4000000000000004,0.47132707423865144
3.,2.5,0.4528099362085957
3.,2.6,0.43116743567697824
3.,2.7,0.4243319354536574
3.,2.8,0.42696679505736335
3.,2.9,0.4378807815323469
3.,3.,0.4499021647811736
0.05,0.05,0.440659
0.05,0.15,0.421472
0.05,0.25,0.423831
0.05,0.35,0.429337
0.05,0.45,0.408039
0.05,0.55,0.382296
0.05,0.65,0.355685
0.05,0.75,0.34959
0.05,0.85,0.327038
0.05,0.95,0.31902
0.05,1.05,0.316221
0.05,1.15,0.3134
0.05,1.25,0.311434
0.05,1.35,0.30915
0.05,1.45,0.308039
0.05,1.55,0.312686
0.05,1.65,0.318562
0.05,1.75,0.324167
0.05,1.85,0.339521
0.05,1.95,0.357447
0.05,2.05,0.378702
0.05,2.15,0.401267
0.05,2.25,0.421646
0.05,2.35,0.438268
0.05,2.45,0.451553
0.05,2.55,0.462503
0.05,2.65,0.468931
0.05,2.75,0.4761
0.05,2.85,0.480055
0.05,2.95,0.486849
0.15,0.05,0.44315
0.15,0.15,0.417663
0.15,0.25,0.404381
0.15,0.35,0.392649
0.15,0.45,0.355334
0.15,0.55,0.319244
0.15,0.65,0.299052
0.15,0.75,0.291979
0.15,0.85,0.287668
0.15,0.95,0.283907
0.15,1.05,0.281624
0.15,1.15,0.280445
0.15,1.25,0.280877
0.15,1.35,0.284886
0.15,1.45,0.292569
0.15,1.55,0.302458
0.15,1.65,0.313853
0.15,1.75,0.323698
0.15,1.85,0.341211
0.15,1.95,0.361573
0.15,2.05,0.382175
0.15,2.15,0.402238
0.15,2.25,0.419663
0.15,2.35,0.433295
0.15,2.45,0.444085
0.15,2.55,0.45275
0.15,2.65,0.459158
0.15,2.75,0.46517
0.15,2.85,0.469358
0.15,2.95,0.473584
0.25,0.05,0.447331
0.25,0.15,0.395532
0.25,0.25,0.361128
0.25,0.35,0.339776
0.25,0.45,0.318264
0.25,0.55,0.300286
0.25,0.65,0.290426
0.25,0.75,0.285476
0.25,0.85,0.282581
0.25,0.95,0.280528
0.25,1.05,0.278748
0.25,1.15,0.278222
0.25,1.25,0.2793
0.25,1.35,0.282713
0.25,1.45,0.288665
0.25,1.55,0.296707
0.25,1.65,0.306379
0.25,1.75,0.31989
0.25,1.85,0.335959
0.25,1.95,0.354536
0.25,2.05,0.382596
0.25,2.15,0.402548
0.25,2.25,0.41723
0.25,2.35,0.432978
0.25,2.45,0.443559
0.25,2.55,0.451816
0.25,2.65,0.458278
0.25,2.75,0.463642
0.25,2.85,0.467837
0.25,2.95,0.471949
0.35,0.05,0.452707
0.35,0.15,0.36548
0.35,0.25,0.334016
0.35,0.35,0.318245
0.35,0.45,0.305576
0.35,0.55,0.294579
0.35,0.65,0.288364
0.35,0.75,0.284182
0.35,0.85,0.281661
0.35,0.95,0.27936
0.35,1.05,0.278185
0.35,1.15,0.277506
0.35,1.25,0.278079
0.35,1.35,0.279719
0.35,1.45,0.28374
0.35,1.55,0.28983
0.35,1.65,0.298065
0.35,1.75,0.307222
0.35,1.85,0.319999
0.35,1.95,0.337276
0.35,2.05,0.362045
0.35,2.15,0.384772
0.35,2.25,0.406658
0.35,2.35,0.422364
0.35,2.45,0.436276
0.35,2.55,0.449446
0.35,2.65,0.457224
0.35,2.75,0.462961
0.35,2.85,0.46751
0.35,2.95,0.472018
0.45,0.05,0.461193
0.45,0.15,0.348976
0.45,0.25,0.322902
0.45,0.35,0.310145
0.45,0.45,0.301495
0.45,0.55,0.29296
0.45,0.65,0.288161
0.45,0.75,0.284348
0.45,0.85,0.281699
0.45,0.95,0.279708
0.45,1.05,0.278535
0.45,1.15,0.278688
0.45,1.25,0.278904
