hz,promedio temporal de 0 a 100 del valor esperado de Haar de la pureza de Choi
0.1,0.320926
0.1,0.316331
0.1,0.316672
0.1,0.324244
0.1,0.324563
0.1,0.324264
0.1,0.319339
0.1,0.320134
0.1,0.32059
0.1,0.323959
0.225641,0.305765
0.225641,0.309925
0.225641,0.309024
0.225641,0.312424
0.225641,0.307107
0.225641,0.308803
0.225641,0.314065
0.225641,0.313803
0.225641,0.315053
0.225641,0.308136
0.351282,0.307474
0.351282,0.305924
0.351282,0.308305
0.351282,0.305916
0.351282,0.308094
0.351282,0.305331
0.351282,0.306646
0.351282,0.311069
0.351282,0.310348
0.351282,0.304513
0.476923,0.313155
0.476923,0.310116
0.476923,0.304682
0.476923,0.306025
0.476923,0.306623
0.476923,0.312714
0.476923,0.309483
0.476923,0.311518
0.476923,0.305453
0.476923,0.309499
0.602564,0.311198
0.602564,0.308741
0.602564,0.3073
0.602564,0.30905
0.602564,0.31285
0.602564,0.316354
0.602564,0.310243
0.602564,0.308185
0.602564,0.307436
0.602564,0.327526
0.728205,0.308681
0.728205,0.308718
0.728205,0.318592
0.728205,0.312217
0.728205,0.316796
0.728205,0.311611
0.728205,0.316537
0.728205,0.315396
0.728205,0.312238
0.728205,0.306076
0.853846,0.341022
0.853846,0.318942
0.853846,0.314856
0.853846,0.328598
0.853846,0.310137
0.853846,0.332068
0.853846,0.3207
0.853846,0.33651
0.853846,0.317755
0.853846,0.335983
0.979487,0.352903
0.979487,0.32832
0.979487,0.316232
0.979487,0.354661
0.979487,0.321994
0.979487,0.307116
0.979487,0.341276
0.979487,0.350065
0.979487,0.317303
0.979487,0.330275
1.10513,0.399797
1.10513,0.3125
1.10513,0.328762
1.10513,0.400594
1.10513,0.318921
1.10513,0.337167
1.10513,0.345697
1.10513,0.378081
1.10513,0.34807
1.10513,0.343599
1.23077,0.375357
1.23077,0.346931
1.23077,0.334768
1.23077,0.368025
1.23077,0.35418
1.23077,0.34343
1.23077,0.330074
1.23077,0.413535
1.23077,0.360531
1.23077,0.322736
1.35641,0.332795
1.35641,0.376267
1.35641,0.445944
1.35641,0.321629
1.35641,0.354646
1.35641,0.408955
1.35641,0.327269
1.35641,0.396393
1.35641,0.323311
1.35641,0.349921
1.48205,0.442445
1.48205,0.38772
1.48205,0.331171
1.48205,0.48851
1.48205,0.443974
1.48205,0.383373
1.48205,0.323339
1.48205,0.332696
1.48205,0.329292
1.48205,0.375454
1.60769,0.359642
1.60769,0.33077
1.60769,0.358253
1.60769,0.352349
1.60769,0.450805
1.60769,0.357657
1.60769,0.377582
1.60769,0.385136
1.60769,0.316345
1.60769,0.359648
1.73333,0.364031
1.73333,0.482206
1.73333,0.412416
1.73333,0.456639
1.73333,0.449246
1.73333,0.404513
1.73333,0.464196
1.73333,0.363558
1.73333,0.332941
1.73333,0.397111
1.85897,0.382644
1.85897,0.483333
1.85897,0.498914
1.85897,0.418889
1.85897,0.451759
1.85897,0.427369
1.85897,0.346327
1.85897,0.48633
1.85897,0.352837
1.85897,0.396644
1.98462,0.462528
1.98462,0.356954
1.98462,0.335601
1.98462,0.408867
1.98462,0.442979
1.98462,0.399139
1.98462,0.52969
1.98462,0.391642
1.98462,0.350461
1.98462,0.468236
2.11026,0.439067
2.11026,0.369546
2.11026,0.445937
2.11026,0.358756
2.11026,0.455185
2.11026,0.345121
2.11026,0.48826
2.11026,0.449977
2.11026,0.359984
2.11026,0.462543
2.2359,0.504827
2.2359,0.647743
2.2359,0.354218
2.2359,0.377388
2.2359,0.436174
2.2359,0.393462
2.2359,0.48337
2.2359,0.413925
2.2359,0.576321
2.2359,0.383015
2.36154,0.542461
2.36154,0.511447
2.36154,0.542147
2.36154,0.418156
2.36154,0.495974
2.36154,0.498812
2.36154,0.350875
2.36154,0.381522
2.36154,0.363748
2.36154,0.402163
2.48718,0.391447
2.48718,0.369871
2.48718,0.361084
2.48718,0.504491
2.48718,0.494557
2.48718,0.34504
2.48718,0.448922
2.48718,0.468252
2.48718,0.369094
2.48718,0.446648
2.61282,0.551188
2.61282,0.491841
2.61282,0.363948
2.61282,0.531905
2.61282,0.420141
2.61282,0.51353
2.61282,0.432907
2.61282,0.515197
2.61282,0.486804
2.61282,0.396848
2.73846,0.48271
2.73846,0.564141
2.73846,0.390936
2.73846,0.435554
2.73846,0.543203
2.73846,0.562558
2.73846,0.424231
2.73846,0.561111
2.73846,0.395456
2.73846,0.655041
2.8641,0.481204
2.8641,0.49401
2.8641,0.56061
2.8641,0.620872
2.8641,0.443357
2.8641,0.523523
2.8641,0.620837
2.8641,0.530716
2.8641,0.496963
2.8641,0.385806
2.98974,0.603275
2.98974,0.467979
2.98974,0.5093
2.98974,0.600512
2.98974,0.456289
2.98974,0.465072
2.98974,0.418928
2.98974,0.477705
2.98974,0.441458
2.98974,0.553478
3.11538,0.457324
3.11538,0.539984
3.11538,0.573882
3.11538,0.57467
3.11538,0.400504
3.11538,0.476637
3.11538,0.579317
3.11538,0.588934
3.11538,0.56502
3.11538,0.580991
3.24103,0.505083
3.24103,0.596283
3.24103,0.464497
3.24103,0.421777
3.24103,0.434436
3.24103,0.569298
3.24103,0.57269
3.24103,0.478136
3.24103,0.465724
3.24103,0.515285
3.36667,0.568377
3.36667,0.46275
3.36667,0.635391
3.36667,0.549677
3.36667,0.410211
3.36667,0.5566
3.36667,0.526357
3.36667,0.381675
3.36667,0.693328
3.36667,0.665553
3.49231,0.430442
3.49231,0.632439
3.49231,0.474675
3.49231,0.548028
3.49231,0.50046
3.49231,0.48688
3.49231,0.587953
3.49231,0.562827
3.49231,0.392696
3.49231,0.559201
3.61795,0.543895
3.61795,0.385199
3.61795,0.566323
3.61795,0.526141
3.61795,0.693117
3.61795,0.558318
3.61795,0.43417
3.61795,0.459748
3.61795,0.614117
3.61795,0.650583
3.74359,0.58635
3.74359,0.488605
3.74359,0.614038
3.74359,0.583328
3.74359,0.426416
3.74359,0.418748
3.74359,0.609455
3.74359,0.546623
3.74359,0.5091
3.74359,0.407292
3.86923,0.6229
3.86923,0.46042
3.86923,0.661043
3.86923,0.606149
3.86923,0.574857
3.86923,0.683964
3.86923,0.63778
3.86923,0.58391
3.86923,0.598919
3.86923,0.729772
3.99487,0.406808
3.99487,0.545416
3.99487,0.650985
3.99487,0.554749
3.99487,0.606189
3.99487,0.484481
3.99487,0.516267
3.99487,0.659935
3.99487,0.584782
3.99487,0.397708
4.12051,0.635621
4.12051,0.585241
4.12051,0.462987
4.12051,0.518922
4.12051,0.737732
4.12051,0.510927
4.12051,0.572984
4.12051,0.524491
4.12051,0.41643
4.12051,0.467498
4.24615,0.56743
4.24615,0.700637
4.24615,0.566219
4.24615,0.387294
4.24615,0.601506
4.24615,0.508433
4.24615,0.477353
4.24615,0.533486
4.24615,0.658046
4.24615,0.488427
4.37179,0.790924
4.37179,0.656254
4.37179,0.591155
4.37179,0.714055
4.37179,0.449897
4.37179,0.634427
4.37179,0.616329
4.37179,0.77143
4.37179,0.512856
4.37179,0.401654
4.49744,0.501937
4.49744,0.376215
4.49744,0.641828
4.49744,0.440886
4.49744,0.613033
4.49744,0.520097
4.49744,0.798606
4.49744,0.566153
4.49744,0.510831
4.49744,0.565481
4.62308,0.521497
4.62308,0.547846
4.62308,0.608298
4.62308,0.802007
4.62308,0.551618
4.62308,0.544624
4.62308,0.512453
4.62308,0.658288
4.62308,0.477306
4.62308,0.616203
4.74872,0.392436
4.74872,0.385359
4.74872,0.636686
4.74872,0.652605
4.74872,0.568032
4.74872,0.628914
4.74872,0.640765
4.74872,0.614118
4.74872,0.459058
4.74872,0.380265
4.87436,0.476074
4.87436,0.591358
4.87436,0.427666
4.87436,0.754135
4.87436,0.558363
4.87436,0.581237
4.87436,0.808127
4.87436,0.627911
4.87436,0.640972
4.87436,0.514354
5.,0.418765
5.,0.6217
5.,0.619737
5.,0.628834
5.,0.742041
5.,0.638532
5.,0.646591
5.,0.624546
5.,0.581959
5.,0.628536
0.1,0.326003
0.225641,0.308689
0.351282,0.307678
0.476923,0.304777
0.602564,0.306501
0.728205,0.318029
0.853846,0.334223
0.979487,0.350904
1.10513,0.357492
1.23077,0.389272
1.35641,0.383227
1.48205,0.385651
1.60769,0.428345
1.73333,0.426245
1.85897,0.456348
1.98462,0.523702
2.11026,0.531483
2.2359,0.375375
2.36154,0.513882
2.48718,0.519784
2.61282,0.574124
2.73846,0.509503
2.8641,0.502806
2.98974,0.589267
3.11538,0.402203
3.24103,0.400672
3.36667,0.59633
3.49231,0.394932
3.61795,0.485223
3.74359,0.641538
3.86923,0.403799
3.99487,0.550958
4.12051,0.398377
4.24615,0.54803
4.37179,0.618085
4.49744,0.490618
4.62308,0.72064
4.74872,0.585187
4.87436,0.613624
5.,0.744271
0.1,0.318576
0.225641,0.309163
0.351282,0.306439
0.476923,0.309709
0.602564,0.310226
0.728205,0.322913
0.853846,0.312982
0.979487,0.3423
1.10513,0.317846
1.23077,0.320985
1.35641,0.32836
1.48205,0.326511
1.60769,0.486104
1.73333,0.366162
1.85897,0.371039
1.98462,0.507386
2.11026,0.429516
2.2359,0.543956
2.36154,0.625862
2.48718,0.376519
2.61282,0.397558
2.73846,0.614093
2.8641,0.576701
2.98974,0.605626
3.11538,0.466551
3.24103,0.421475
3.36667,0.413329
3.49231,0.612449
3.61795,0.516034
3.74359,0.414491
3.86923,0.618841
3.99487,0.585099
4.12051,0.653878
4.24615,0.602569
4.37179,0.381788
4.49744,0.786896
4.62308,0.61516
4.74872,0.478085
4.87436,0.541348
5.,0.456749
0.1,0.319668
0.225641,0.319177
0.351282,0.304778
0.476923,0.308215
0.602564,0.310734
0.728205,0.312681
0.853846,0.320175
0.979487,0.317803
1.10513,0.328877
1.23077,0.397652
1.35641,0.369421
1.48205,0.351435
1.60769,0.440435
1.73333,0.515131
1.85897,0.534996
1.98462,0.413512
2.11026,0.50256
2.2359,0.484362
2.36154,0.509483
2.48718,0.488824
2.61282,0.342758
2.73846,0.476179
2.8641,0.675155
2.98974,0.640896
3.11538,0.556075
3.24103,0.590153
3.36667,0.623487
3.49231,0.437267
3.61795,0.498951
3.74359,0.442417
3.86923,0.756494
3.99487,0.648866
4.12051,0.641637
4.24615,0.545015
4.37179,0.416898
4.49744,0.520496
4.62308,0.655657
4.74872,0.660942
4.87436,0.478494
5.,0.524336
0.1,0.323005
0.225641,0.309463
0.351282,0.311193
0.476923,0.313192
0.602564,0.306864
0.728205,0.307151
0.853846,0.316206
0.979487,0.36486
1.10513,0.31283
1.23077,0.38862
1.35641,0.417031
1.48205,0.341481
1.60769,0.494129
1.73333,0.494242
1.85897,0.32168
1.98462,0.412996
2.11026,0.446045
2.2359,0.436801
2.36154,0.537183
2.48718,0.348777
2.61282,0.531649
2.73846,0.521946
2.8641,0.42717
2.98974,0.440631
3.11538,0.495431
3.24103,0.40705
3.36667,0.506909
3.49231,0.583055
3.61795,0.59205
3.74359,0.682345
3.86923,0.623015
3.99487,0.498605
4.12051,0.562222
4.24615,0.497349
4.37179,0.489472
4.49744,0.503561
4.62308,0.544513
4.74872,0.627903
4.87436,0.393106
5.,0.555299
0.1,0.318847
0.225641,0.3068
0.351282,0.309282
0.476923,0.3131
0.602564,0.309182
0.728205,0.306104
0.853846,0.332792
0.979487,0.37904
1.10513,0.37651
1.23077,0.325287
1.35641,0.347041
1.48205,0.373483
1.60769,0.404599
1.73333,0.330674
1.85897,0.392348
1.98462,0.467167
2.11026,0.541357
2.2359,0.514171
2.36154,0.407794
2.48718,0.358047
2.61282,0.572556
2.73846,0.532477
2.8641,0.437256
2.98974,0.654246
3.11538,0.365297
3.24103,0.478361
3.36667,0.420879
3.49231,0.634874
3.61795,0.522831
3.74359,0.528572
3.86923,0.581032
3.99487,0.407766
4.12051,0.500806
4.24615,0.423636
4.37179,0.601584
4.49744,0.60012
4.62308,0.684065
4.74872,0.657939
4.87436,0.534134
5.,0.537094
0.1,0.3231
0.225641,0.307882
0.351282,0.308266
0.476923,0.307565
0.602564,0.304089
0.728205,0.355269
0.853846,0.315315
0.979487,0.315375
1.10513,0.321306
1.23077,0.33349
1.35641,0.478583
1.48205,0.354125
1.60769,0.367089
1.73333,0.493207
1.85897,0.400968
1.98462,0.337372
2.11026,0.364291
2.2359,0.410271
2.36154,0.382622
2.48718,0.484805
2.61282,0.382303
2.73846,0.464919
2.8641,0.544409
2.98974,0.488277
3.11538,0.450647
3.24103,0.58638
3.36667,0.557805
3.49231,0.451667
3.61795,0.621576
3.74359,0.629636
3.86923,0.639324
3.99487,0.64816
4.12051,0.374187
4.24615,0.675844
4.37179,0.574344
4.49744,0.46158
4.62308,0.731999
4.74872,0.595839
4.87436,0.419165
5.,0.420422
0.1,0.323315
0.225641,0.308318
0.351282,0.30596
0.476923,0.31227
0.602564,0.303643
0.728205,0.325828
0.853846,0.30654
0.979487,0.334376
1.10513,0.325076
1.23077,0.353002
1.35641,0.318712
1.48205,0.332765
1.60769,0.347994
1.73333,0.504374
1.85897,0.493187
1.98462,0.371676
2.11026,0.388927
2.2359,0.374393
2.36154,0.590616
2.48718,0.50871
2.61282,0.475295
2.73846,0.526598
2.8641,0.464907
2.98974,0.416829
3.11538,0.445946
3.24103,0.522116
3.36667,0.518409
3.49231,0.704588
3.61795,0.475412
3.74359,0.625135
3.86923,0.380328
3.99487,0.657565
4.12051,0.458828
4.24615,0.578803
4.37179,0.576991
4.49744,0.45061
4.62308,0.537205
4.74872,0.579619
4.87436,0.786005
5.,0.584016
0.1,0.323655
0.225641,0.31228
0.351282,0.311024
0.476923,0.30768
0.602564,0.316994
0.728205,0.339946
0.853846,0.330784
0.979487,0.341415
1.10513,0.313378
1.23077,0.403444
1.35641,0.328173
1.48205,0.455664
1.60769,0.390289
1.73333,0.464151
1.85897,0.377687
1.98462,0.486221
2.11026,0.395387
2.2359,0.533714
2.36154,0.49145
2.48718,0.524995
2.61282,0.502308
2.73846,0.551589
2.8641,0.394178
2.98974,0.661795
3.11538,0.569665
3.24103,0.642649
3.36667,0.42042
3.49231,0.465969
3.61795,0.428989
3.74359,0.492984
3.86923,0.674343
3.99487,0.6944
4.12051,0.683962
4.24615,0.447766
4.37179,0.624351
4.49744,0.46928
4.62308,0.466411
4.74872,0.563079
4.87436,0.716025
5.,0.585348
0.1,0.325613
0.225641,0.306312
0.351282,0.312989
0.476923,0.30791
0.602564,0.30558
0.728205,0.307805
0.853846,0.35701
0.979487,0.330874
1.10513,0.419635
1.23077,0.414006
1.35641,0.31868
1.48205,0.481339
1.60769,0.474079
1.73333,0.408094
1.85897,0.402123
1.98462,0.342943
2.11026,0.308545
2.2359,0.480305
2.36154,0.443115
2.48718,0.409282
2.61282,0.35715
2.73846,0.452192
2.8641,0.536124
2.98974,0.50969
3.11538,0.544783
3.24103,0.546607
3.36667,0.589499
3.49231,0.593199
3.61795,0.426134
3.74359,0.756567
3.86923,0.426041
3.99487,0.761856
4.12051,0.343171
4.24615,0.749281
4.37179,0.542861
4.49744,0.463626
4.62308,0.53685
4.74872,0.463037
4.87436,0.478374
5.,0.492762
0.1,0.324492
0.225641,0.310118
0.351282,0.304969
0.476923,0.304853
0.602564,0.321958
0.728205,0.337377
0.853846,0.328868
0.979487,0.356522
1.10513,0.343492
1.23077,0.372585
1.35641,0.447959
1.48205,0.351328
1.60769,0.37544
1.73333,0.414876
1.85897,0.344527
1.98462,0.325735
2.11026,0.45318
2.2359,0.502212
2.36154,0.345542
2.48718,0.340432
2.61282,0.434248
2.73846,0.388812
2.8641,0.461932
2.98974,0.419204
3.11538,0.47156
3.24103,0.712347
3.36667,0.504167
3.49231,0.579973
3.61795,0.315657
3.74359,0.613402
3.86923,0.578858
3.99487,0.689279
4.12051,0.657506
4.24615,0.591521
4.37179,0.595053
4.49744,0.750852
4.62308,0.566744
4.74872,0.615864
4.87436,0.538203
5.,0.450741
0.1,0.316746
0.225641,0.305624
0.351282,0.306089
0.476923,0.305211
0.602564,0.329358
0.728205,0.311122
0.853846,0.330729
0.979487,0.346433
1.10513,0.314662
1.23077,0.328134
1.35641,0.397861
1.48205,0.426225
1.60769,0.326105
1.73333,0.432212
1.85897,0.402772
1.98462,0.384956
2.11026,0.430785
2.2359,0.518441
2.36154,0.467671
2.48718,0.45209
2.61282,0.44898
2.73846,0.638818
2.8641,0.334612
2.98974,0.414271
3.11538,0.722601
3.24103,0.587948
3.36667,0.46511
3.49231,0.631513
3.61795,0.486627
3.74359,0.495574
3.86923,0.546019
3.99487,0.414
4.12051,0.671391
4.24615,0.64209
4.37179,0.55732
4.49744,0.636202
4.62308,0.41287
4.74872,0.469282
4.87436,0.669897
5.,0.691031
0.1,0.320801
0.225641,0.323097
0.351282,0.311901
0.476923,0.315468
0.602564,0.326592
0.728205,0.309264
0.853846,0.315819
0.979487,0.31539
1.10513,0.324962
1.23077,0.341764
1.35641,0.337832
1.48205,0.323516
1.60769,0.331521
1.73333,0.336319
1.85897,0.321934
1.98462,0.494684
2.11026,0.378432
2.2359,0.400268
2.36154,0.371918
2.48718,0.450854
2.61282,0.349115
2.73846,0.541708
2.8641,0.451169
2.98974,0.551594
3.11538,0.472009
3.24103,0.444484
3.36667,0.575648
3.49231,0.558085
3.61795,0.414028
3.74359,0.637247
3.86923,0.657462
3.99487,0.673382
4.12051,0.741375
4.24615,0.561178
4.37179,0.446418
4.49744,0.584505
4.62308,0.626598
4.74872,0.603243
4.87436,0.503887
5.,0.772273
0.1,0.327184
0.225641,0.30689
0.351282,0.308914
0.476923,0.308676
0.602564,0.308365
0.728205,0.313501
0.853846,0.312043
0.979487,0.391734
1.10513,0.330432
1.23077,0.391954
1.35641,0.406962
1.48205,0.370965
1.60769,0.379823
1.73333,0.427295
1.85897,0.473293
1.98462,0.333652
2.11026,0.418102
2.2359,0.537974
2.36154,0.482765
2.48718,0.600371
2.61282,0.457161
2.73846,0.500076
2.8641,0.620584
2.98974,0.556808
3.11538,0.457131
3.24103,0.590197
3.36667,0.401684
3.49231,0.385966
3.61795,0.466343
3.74359,0.489456
3.86923,0.749942
3.99487,0.355464
4.12051,0.644831
4.24615,0.44977
4.37179,0.643983
4.49744,0.521883
4.62308,0.550493
4.74872,0.81315
4.87436,0.609563
5.,0.64146
0.1,0.316598
0.225641,0.304604
0.351282,0.306843
0.476923,0.309892
0.602564,0.311791
0.728205,0.333324
0.853846,0.316362
0.979487,0.398867
1.10513,0.334666
1.23077,0.320693
1.35641,0.429852
1.48205,0.335088
1.60769,0.475446
1.73333,0.394732
1.85897,0.514481
1.98462,0.427665
2.11026,0.373553
2.2359,0.539048
2.36154,0.422747
2.48718,0.565537
2.61282,0.474975
2.73846,0.379093
2.8641,0.557301
2.98974,0.497679
3.11538,0.47801
3.24103,0.607569
3.36667,0.605762
3.49231,0.419147
3.61795,0.465678
3.74359,0.653177
3.86923,0.575336
3.99487,0.467863
4.12051,0.756512
4.24615,0.423358
4.37179,0.683998
4.49744,0.612712
4.62308,0.474182
4.74872,0.488914
4.87436,0.448859
5.,0.363928
0.1,0.3274
0.225641,0.312122
0.351282,0.312153
0.476923,0.310786
0.602564,0.304762
0.728205,0.311002
0.853846,0.314723
0.979487,0.388448
1.10513,0.340671
1.23077,0.348072
1.35641,0.471258
1.48205,0.411188
1.60769,0.336586
1.73333,0.431316
1.85897,0.428086
1.98462,0.384132
2.11026,0.417035
2.2359,0.505341
2.36154,0.432817
2.48718,0.565089
2.61282,0.521756
2.73846,0.487217
2.8641,0.460576
2.98974,0.519975
3.11538,0.359062
3.24103,0.621205
3.36667,0.612976
3.49231,0.378852
3.61795,0.645059
3.74359,0.617663
3.86923,0.556564
3.99487,0.766833
4.12051,0.592256
4.24615,0.608706
4.37179,0.693424
4.49744,0.41026
4.62308,0.429966
4.74872,0.641923
4.87436,0.644606
5.,0.7278
0.1,0.322573
0.225641,0.306507
0.351282,0.305685
0.476923,0.320023
0.602564,0.304994
0.728205,0.320566
0.853846,0.325372
0.979487,0.333387
1.10513,0.384299
1.23077,0.400153
1.35641,0.320965
1.48205,0.423372
1.60769,0.361096
1.73333,0.374926
1.85897,0.391966
1.98462,0.396189
2.11026,0.497307
2.2359,0.345527
2.36154,0.365489
2.48718,0.478932
2.61282,0.41018
2.73846,0.608211
2.8641,0.73982
2.98974,0.555955
3.11538,0.479335
3.24103,0.379411
3.36667,0.648723
3.49231,0.523485
3.61795,0.382122
3.74359,0.71473
3.86923,0.759445
3.99487,0.630116
4.12051,0.648016
4.24615,0.666209
4.37179,0.55616
4.49744,0.468438
4.62308,0.452594
4.74872,0.615208
4.87436,0.704139
5.,0.651903
0.1,0.325535
0.225641,0.307654
0.351282,0.305381
0.476923,0.309781
0.602564,0.325002
0.728205,0.319586
0.853846,0.324417
0.979487,0.329393
1.10513,0.31939
1.23077,0.408132
1.35641,0.339127
1.48205,0.361455
1.60769,0.34883
1.73333,0.361743
1.85897,0.358689
1.98462,0.431755
2.11026,0.47126
2.2359,0.401617
2.36154,0.368985
2.48718,0.499094
2.61282,0.571516
2.73846,0.583023
2.8641,0.591562
2.98974,0.601799
3.11538,0.355871
3.24103,0.497446
3.36667,0.482658
3.49231,0.556726
3.61795,0.506385
3.74359,0.541396
3.86923,0.630727
3.99487,0.552575
4.12051,0.639675
4.24615,0.692843
4.37179,0.634193
4.49744,0.557285
4.62308,0.674368
4.74872,0.646977
4.87436,0.738806
5.,0.458355
0.1,0.318568
0.225641,0.317335
0.351282,0.308259
0.476923,0.309283
0.602564,0.317365
0.728205,0.318337
0.853846,0.332173
0.979487,0.417232
1.10513,0.374768
1.23077,0.340114
1.35641,0.373601
1.48205,0.373507
1.60769,0.351573
1.73333,0.320458
1.85897,0.519098
1.98462,0.429224
2.11026,0.401891
2.2359,0.434261
2.36154,0.529514
2.48718,0.56614
2.61282,0.470501
2.73846,0.389335
2.8641,0.474789
2.98974,0.328597
3.11538,0.391255
3.24103,0.553815
3.36667,0.649398
3.49231,0.675514
3.61795,0.60955
3.74359,0.474557
3.86923,0.522047
3.99487,0.409686
4.12051,0.407918
4.24615,0.679663
4.37179,0.688964
4.49744,0.540145
4.62308,0.733137
4.74872,0.671021
4.87436,0.691829
5.,0.73047
0.1,0.324756
0.225641,0.306272
0.351282,0.312845
0.476923,0.312824
0.602564,0.308768
0.728205,0.330566
0.853846,0.329078
0.979487,0.32856
1.10513,0.312665
1.23077,0.350776
1.35641,0.339987
1.48205,0.351929
1.60769,0.34213
1.73333,0.386588
1.85897,0.481487
1.98462,0.448775
2.11026,0.362132
2.2359,0.382685
2.36154,0.50614
2.48718,0.509579
2.61282,0.550061
2.73846,0.390209
2.8641,0.420248
2.98974,0.622096
3.11538,0.593451
3.24103,0.370267
3.36667,0.50109
3.49231,0.772234
3.61795,0.620552
3.74359,0.571961
3.86923,0.585087
3.99487,0.642453
4.12051,0.579174
4.24615,0.593972
4.37179,0.462635
4.49744,0.578996
4.62308,0.673285
4.74872,0.658601
4.87436,0.809231
5.,0.592741
0.1,0.330873
0.225641,0.314181
0.351282,0.307082
0.476923,0.307181
0.602564,0.314845
0.728205,0.309862
0.853846,0.330405
0.979487,0.329098
1.10513,0.329793
1.23077,0.320741
1.35641,0.338427
1.48205,0.390766
1.60769,0.376601
1.73333,0.423233
1.85897,0.358746
1.98462,0.320667
2.11026,0.426883
2.2359,0.459089
2.36154,0.384622
2.48718,0.456592
2.61282,0.459949
2.73846,0.483375
2.8641,0.575869
2.98974,0.410541
3.11538,0.356985
3.24103,0.670437
3.36667,0.59648
3.49231,0.484562
3.61795,0.373289
3.74359,0.431099
3.86923,0.667494
3.99487,0.419113
4.12051,0.676197
4.24615,0.596585
4.37179,0.730877
4.49744,0.748939
4.62308,0.484407
4.74872,0.64499
4.87436,0.628917
5.,0.389534
0.1,0.321979
0.225641,0.308995
0.351282,0.308425
0.476923,0.31234
0.602564,0.327193
0.728205,0.321647
0.853846,0.323913
0.979487,0.337898
1.10513,0.341796
1.23077,0.312854
1.35641,0.342285
1.48205,0.37747
1.60769,0.365274
1.73333,0.431916
1.85897,0.533242
1.98462,0.359933
2.11026,0.337466
2.2359,0.483348
2.36154,0.476414
2.48718,0.539691
2.61282,0.529114
2.73846,0.595195
2.8641,0.438911
2.98974,0.567765
3.11538,0.401964
3.24103,0.539427
3.36667,0.517336
3.49231,0.396471
3.61795,0.42622
3.74359,0.627862
3.86923,0.663521
3.99487,0.448277
4.12051,0.439296
4.24615,0.613267
4.37179,0.414968
4.49744,0.606233
4.62308,0.780929
4.74872,0.578361
4.87436,0.498389
5.,0.7429
0.1,0.323136
0.225641,0.316827
0.351282,0.304361
0.476923,0.305272
0.602564,0.309308
0.728205,0.305797
0.853846,0.312516
0.979487,0.356198
1.10513,0.336748
1.23077,0.336297
1.35641,0.322472
1.48205,0.376789
1.60769,0.377395
1.73333,0.444364
1.85897,0.37412
1.98462,0.382436
2.11026,0.319675
2.2359,0.390255
2.36154,0.442281
2.48718,0.511294
2.61282,0.462107
2.73846,0.43319
2.8641,0.639459
2.98974,0.437242
3.11538,0.423039
3.24103,0.521874
3.36667,0.423639
3.49231,0.530762
3.61795,0.486584
3.74359,0.503316
3.86923,0.717084
3.99487,0.62316
4.12051,0.387701
4.24615,0.519842
4.37179,0.628092
4.49744,0.625744
4.62308,0.543322
4.74872,0.485413
4.87436,0.775967
5.,0.725582
0.1,0.326296
0.225641,0.314784
0.351282,0.314993
0.476923,0.307403
0.602564,0.313666
0.728205,0.30466
0.853846,0.323683
0.979487,0.35702
1.10513,0.340109
1.23077,0.363306
1.35641,0.319459
1.48205,0.469585
1.60769,0.359577
1.73333,0.3114
1.85897,0.356649
1.98462,0.518716
2.11026,0.459038
2.2359,0.498268
2.36154,0.402294
2.48718,0.402512
2.61282,0.388448
2.73846,0.575398
2.8641,0.525003
2.98974,0.517634
3.11538,0.466511
3.24103,0.471349
3.36667,0.443962
3.49231,0.428183
3.61795,0.513311
3.74359,0.402221
3.86923,0.550007
3.99487,0.458207
4.12051,0.607796
4.24615,0.618051
4.37179,0.580578
4.49744,0.644946
4.62308,0.774398
4.74872,0.803838
4.87436,0.62991
5.,0.538598
0.1,0.324084
0.225641,0.310717
0.351282,0.309304
0.476923,0.306038
0.602564,0.323633
0.728205,0.313456
0.853846,0.326419
0.979487,0.310296
1.10513,0.38035
1.23077,0.420044
1.35641,0.442372
1.48205,0.309453
1.60769,0.382724
1.73333,0.316368
1.85897,0.540346
1.98462,0.562246
2.11026,0.342421
2.2359,0.377869
2.36154,0.399042
2.48718,0.646667
2.61282,0.40296
2.73846,0.564093
2.8641,0.478251
2.98974,0.467653
3.11538,0.522478
3.24103,0.347399
3.36667,0.483773
3.49231,0.64579
3.61795,0.672716
3.74359,0.532619
3.86923,0.50028
3.99487,0.529039
4.12051,0.391465
4.24615,0.551672
4.37179,0.630815
4.49744,0.65946
4.62308,0.621414
4.74872,0.519589
4.87436,0.654989
5.,0.628466
0.1,0.320809
0.225641,0.30576
0.351282,0.307971
0.476923,0.305362
0.602564,0.307223
0.728205,0.314557
0.853846,0.325772
0.979487,0.310149
1.10513,0.319286
1.23077,0.318023
1.35641,0.360284
1.48205,0.457879
1.60769,0.384067
1.73333,0.419426
1.85897,0.331429
1.98462,0.365522
2.11026,0.389891
2.2359,0.46218
2.36154,0.483996
2.48718,0.323925
2.61282,0.534851
2.73846,0.463005
2.8641,0.388955
2.98974,0.541972
3.11538,0.537513
3.24103,0.669614
3.36667,0.511891
3.49231,0.572285
3.61795,0.639024
3.74359,0.554783
3.86923,0.580879
3.99487,0.528285
4.12051,0.423214
4.24615,0.620479
4.37179,0.584829
4.49744,0.78335
4.62308,0.512623
4.74872,0.553079
4.87436,0.607377
5.,0.768463
0.1,0.320318
0.225641,0.312136
0.351282,0.305709
0.476923,0.30792
0.602564,0.311767
0.728205,0.316452
0.853846,0.315724
0.979487,0.347274
1.10513,0.356978
1.23077,0.311711
1.35641,0.351618
1.48205,0.488837
1.60769,0.416656
1.73333,0.350452
1.85897,0.432925
1.98462,0.39062
2.11026,0.497476
2.2359,0.438929
2.36154,0.533958
2.48718,0.398231
2.61282,0.422027
2.73846,0.652011
2.8641,0.414259
2.98974,0.379406
3.11538,0.595349
3.24103,0.510037
3.36667,0.535068
3.49231,0.61571
3.61795,0.487238
3.74359,0.378488
3.86923,0.551664
3.99487,0.46507
4.12051,0.525782
4.24615,0.458304
4.37179,0.600545
4.49744,0.581198
4.62308,0.466224
4.74872,0.580953
4.87436,0.617265
5.,0.648656
0.1,0.316938
0.225641,0.307756
0.351282,0.310601
0.476923,0.304395
0.602564,0.308035
0.728205,0.327477
0.853846,0.344708
0.979487,0.326543
1.10513,0.312117
1.23077,0.34293
1.35641,0.347699
1.48205,0.342898
1.60769,0.325437
1.73333,0.367764
1.85897,0.393724
1.98462,0.493226
2.11026,0.511899
2.2359,0.356022
2.36154,0.498478
2.48718,0.424367
2.61282,0.497993
2.73846,0.375747
2.8641,0.4877
2.98974,0.582527
3.11538,0.471386
3.24103,0.687835
3.36667,0.614647
3.49231,0.681321
3.61795,0.500846
3.74359,0.433014
3.86923,0.658186
3.99487,0.40601
4.12051,0.504083
4.24615,0.556727
4.37179,0.424162
4.49744,0.625237
4.62308,0.579078
4.74872,0.690818
4.87436,0.62188
5.,0.434064
0.1,0.331571
0.225641,0.307302
0.351282,0.306713
0.476923,0.310002
0.602564,0.308879
0.728205,0.33168
0.853846,0.316651
0.979487,0.312155
1.10513,0.333735
1.23077,0.347961
1.35641,0.400009
1.48205,0.418962
1.60769,0.366289
1.73333,0.390928
1.85897,0.515651
1.98462,0.466745
2.11026,0.358473
2.2359,0.544102
2.36154,0.513454
2.48718,0.573994
2.61282,0.425704
2.73846,0.614845
2.8641,0.617508
2.98974,0.523597
3.11538,0.516685
3.24103,0.46314
3.36667,0.482618
3.49231,0.378162
3.61795,0.543887
3.74359,0.543406
3.86923,0.592534
3.99487,0.484833
4.12051,0.681784
4.24615,0.528303
4.37179,0.694227
4.49744,0.515804
4.62308,0.610516
4.74872,0.635803
4.87436,0.571687
5.,0.528787
0.1,0.318927
0.225641,0.309784
0.351282,0.307796
0.476923,0.305717
0.602564,0.309474
0.728205,0.313762
0.853846,0.314843
0.979487,0.333284
1.10513,0.31211
1.23077,0.351002
1.35641,0.376118
1.48205,0.381605
1.60769,0.496445
1.73333,0.325852
1.85897,0.374636
1.98462,0.410284
2.11026,0.381932
2.2359,0.395722
2.36154,0.482175
2.48718,0.612262
2.61282,0.436005
2.73846,0.638667
2.8641,0.396708
2.98974,0.589672
3.11538,0.44274
3.24103,0.46135
3.36667,0.460346
3.49231,0.644628
3.61795,0.429239
3.74359,0.650644
3.86923,0.558172
3.99487,0.417739
4.12051,0.646182
4.24615,0.618437
4.37179,0.440092
4.49744,0.590907
4.62308,0.600617
4.74872,0.690581
4.87436,0.585366
5.,0.57258
0.1,0.322662
0.225641,0.310856
0.351282,0.305908
0.476923,0.310997
0.602564,0.322449
0.728205,0.323701
0.853846,0.332905
0.979487,0.326503
1.10513,0.353083
1.23077,0.348716
1.35641,0.350363
1.48205,0.418037
1.60769,0.448724
1.73333,0.319271
1.85897,0.431195
1.98462,0.373316
2.11026,0.404778
2.2359,0.353918
2.36154,0.532353
2.48718,0.514748
2.61282,0.384051
2.73846,0.643005
2.8641,0.437642
2.98974,0.38755
3.11538,0.50641
3.24103,0.549723
3.36667,0.389006
3.49231,0.457168
3.61795,0.515583
3.74359,0.600199
3.86923,0.581942
3.99487,0.51521
4.12051,0.757279
4.24615,0.45893
4.37179,0.628633
4.49744,0.574073
4.62308,0.420249
4.74872,0.614425
4.87436,0.532309
5.,0.619765
0.1,0.326504
0.225641,0.31994
0.351282,0.310592
0.476923,0.309341
0.602564,0.323265
0.728205,0.330966
0.853846,0.321757
0.979487,0.343814
1.10513,0.343728
1.23077,0.318074
1.35641,0.359469
1.48205,0.344045
1.60769,0.314664
1.73333,0.38641
1.85897,0.448366
1.98462,0.50322
2.11026,0.477558
2.2359,0.528586
2.36154,0.388228
2.48718,0.511748
2.61282,0.60159
2.73846,0.531818
2.8641,0.605665
2.98974,0.540589
3.11538,0.529037
3.24103,0.660973
3.36667,0.435835
3.49231,0.619546
3.61795,0.648766
3.74359,0.399388
3.86923,0.749539
3.99487,0.337072
4.12051,0.421619
4.24615,0.623776
4.37179,0.597375
4.49744,0.557607
4.62308,0.589155
4.74872,0.524285
4.87436,0.718449
5.,0.657841
0.1,0.325444
0.225641,0.308374
0.351282,0.306517
0.476923,0.305389
0.602564,0.322693
0.728205,0.314179
0.853846,0.341023
0.979487,0.324294
1.10513,0.304479
1.23077,0.382856
1.35641,0.337393
1.48205,0.411505
1.60769,0.371029
1.73333,0.404355
1.85897,0.497004
1.98462,0.34269
2.11026,0.552252
2.2359,0.367506
2.36154,0.323874
2.48718,0.575875
2.61282,0.674519
2.73846,0.559627
2.8641,0.473887
2.98974,0.616691
3.11538,0.465207
3.24103,0.58039
3.36667,0.663625
3.49231,0.646402
3.61795,0.533012
3.74359,0.605223
3.86923,0.632254
3.99487,0.559899
4.12051,0.629026
4.24615,0.390794
4.37179,0.526842
4.49744,0.703346
4.62308,0.636546
4.74872,0.704163
4.87436,0.606592
5.,0.655366
0.1,0.330614
0.225641,0.314497
0.351282,0.305705
0.476923,0.314123
0.602564,0.311232
0.728205,0.314438
0.853846,0.329214
0.979487,0.354817
1.10513,0.390756
1.23077,0.351057
1.35641,0.344904
1.48205,0.319366
1.60769,0.430264
1.73333,0.357577
1.85897,0.3792
1.98462,0.401119
2.11026,0.604387
2.2359,0.329765
2.36154,0.560015
2.48718,0.429166
2.61282,0.493445
2.73846,0.597663
2.8641,0.46388
2.98974,0.534053
3.11538,0.391969
3.24103,0.544765
3.36667,0.359216
3.49231,0.511123
3.61795,0.461099
3.74359,0.625831
3.86923,0.449202
3.99487,0.589887
4.12051,0.460854
4.24615,0.60816
4.37179,0.552914
4.49744,0.615788
4.62308,0.389403
4.74872,0.703016
4.87436,0.615748
5.,0.611307
0.1,0.316529
0.225641,0.309504
0.351282,0.309047
0.476923,0.305129
0.602564,0.307548
0.728205,0.308618
0.853846,0.310613
0.979487,0.311147
1.10513,0.329369
1.23077,0.397227
1.35641,0.320906
1.48205,0.353959
1.60769,0.38397
1.73333,0.328469
1.85897,0.408928
1.98462,0.465626
2.11026,0.467956
2.2359,0.470672
2.36154,0.418783
2.48718,0.404837
2.61282,0.454037
2.73846,0.424097
2.8641,0.667284
2.98974,0.406891
3.11538,0.557681
3.24103,0.457676
3.36667,0.423091
3.49231,0.618983
3.61795,0.413664
3.74359,0.399879
3.86923,0.435726
3.99487,0.478633
4.12051,0.531331
4.24615,0.618162
4.37179,0.630815
4.49744,0.632994
4.62308,0.523384
4.74872,0.396392
4.87436,0.592739
5.,0.60342
0.1,0.320873
0.225641,0.315187
0.351282,0.306718
0.476923,0.308528
0.602564,0.308146
0.728205,0.314067
0.853846,0.319581
0.979487,0.311671
1.10513,0.317152
1.23077,0.329736
1.35641,0.367
1.48205,0.36795
1.60769,0.337348
1.73333,0.471926
1.85897,0.471468
1.98462,0.317662
2.11026,0.427104
2.2359,0.538393
2.36154,0.349256
2.48718,0.508255
2.61282,0.348922
2.73846,0.62546
2.8641,0.540679
2.98974,0.457951
3.11538,0.68741
3.24103,0.462426
3.36667,0.517123
3.49231,0.489435
3.61795,0.601628
3.74359,0.464435
3.86923,0.636313
3.99487,0.369593
4.12051,0.636124
4.24615,0.490926
4.37179,0.599244
4.49744,0.643158
4.62308,0.353138
4.74872,0.695287
4.87436,0.689111
5.,0.580372
0.1,0.330012
0.225641,0.309376
0.351282,0.308181
0.476923,0.311875
0.602564,0.313574
0.728205,0.316771
0.853846,0.337855
0.979487,0.307828
1.10513,0.384181
1.23077,0.42934
1.35641,0.381585
1.48205,0.414978
1.60769,0.400142
1.73333,0.379595
1.85897,0.482292
1.98462,0.369689
2.11026,0.532267
2.2359,0.500971
2.36154,0.439892
2.48718,0.429159
2.61282,0.325938
2.73846,0.63702
2.8641,0.475003
2.98974,0.400577
3.11538,0.438756
3.24103,0.611256
3.36667,0.531454
3.49231,0.453332
3.61795,0.410779
3.74359,0.533165
3.86923,0.491499
3.99487,0.660522
4.12051,0.659824
4.24615,0.549634
4.37179,0.456182
4.49744,0.461378
4.62308,0.568624
4.74872,0.529761
4.87436,0.405037
5.,0.620639
0.1,0.326206
0.225641,0.312222
0.351282,0.306895
0.476923,0.313419
0.602564,0.32113
0.728205,0.328104
0.853846,0.316214
0.979487,0.318305
1.10513,0.348477
1.23077,0.375224
1.35641,0.415813
1.48205,0.403906
1.60769,0.374195
1.73333,0.321231
1.85897,0.33401
1.98462,0.550461
2.11026,0.548795
2.2359,0.518582
2.36154,0.406794
2.48718,0.386007
2.61282,0.49207
2.73846,0.482662
2.8641,0.526519
2.98974,0.56121
3.11538,0.474405
3.24103,0.576905
3.36667,0.590795
3.49231,0.499361
3.61795,0.594114
3.74359,0.664701
3.86923,0.510621
3.99487,0.476374
4.12051,0.508844
4.24615,0.539758
4.37179,0.728871
4.49744,0.608627
4.62308,0.642946
4.74872,0.810877
4.87436,0.539277
5.,0.397128
0.1,0.32913
0.225641,0.311581
0.351282,0.308107
0.476923,0.311557
0.602564,0.308647
0.728205,0.313082
0.853846,0.311582
0.979487,0.338215
1.10513,0.369413
1.23077,0.339414
1.35641,0.320009
1.48205,0.413638
1.60769,0.421353
1.73333,0.406735
1.85897,0.377641
1.98462,0.483085
2.11026,0.541769
2.2359,0.477415
2.36154,0.432735
2.48718,0.402698
2.61282,0.615906
2.73846,0.361742
2.8641,0.387122
2.98974,0.345711
3.11538,0.373611
3.24103,0.444279
3.36667,0.531519
3.49231,0.526549
3.61795,0.7316
3.74359,0.564225
3.86923,0.609138
3.99487,0.640028
4.12051,0.588087
4.24615,0.649847
4.37179,0.381933
4.49744,0.758362
4.62308,0.739734
4.74872,0.669852
4.87436,0.449624
5.,0.712456
0.1,0.3253
0.225641,0.315216
0.351282,0.311136
0.476923,0.31099
0.602564,0.310809
0.728205,0.315852
0.853846,0.324817
0.979487,0.313256
1.10513,0.336755
1.23077,0.315844
1.35641,0.321231
1.48205,0.313631
1.60769,0.357823
1.73333,0.487193
1.85897,0.444031
1.98462,0.419235
2.11026,0.476754
2.2359,0.387153
2.36154,0.515345
2.48718,0.587174
2.61282,0.481555
2.73846,0.429956
2.8641,0.555039
2.98974,0.588447
3.11538,0.506113
3.24103,0.663089
3.36667,0.411328
3.49231,0.456817
3.61795,0.534031
3.74359,0.652444
3.86923,0.642759
3.99487,0.506207
4.12051,0.319471
4.24615,0.631574
4.37179,0.511532
4.49744,0.66803
4.62308,0.418809
4.74872,0.688535
4.87436,0.692567
5.,0.600298
0.1,0.329232
0.225641,0.31086
0.351282,0.309877
0.476923,0.31468
0.602564,0.313036
0.728205,0.346993
0.853846,0.317109
0.979487,0.321516
1.10513,0.33065
1.23077,0.353347
1.35641,0.395327
1.48205,0.332766
1.60769,0.488643
1.73333,0.376422
1.85897,0.442468
1.98462,0.493645
2.11026,0.570669
2.2359,0.514532
2.36154,0.429421
2.48718,0.49519
2.61282,0.381509
2.73846,0.48061
2.8641,0.412148
2.98974,0.394566
3.11538,0.580001
3.24103,0.491779
3.36667,0.60247
3.49231,0.386821
3.61795,0.375066
3.74359,0.433444
3.86923,0.627262
3.99487,0.544541
4.12051,0.406308
4.24615,0.432215
4.37179,0.533687
4.49744,0.639521
4.62308,0.676622
4.74872,0.573067
4.87436,0.468165
5.,0.666387
