"\varepsilon","J_{xy}","promedio temporal de 0 a 100 del valor esperado de Haar de la pureza de Choi"
0.,0.,0.8324930841941948
0.1,0.,0.832493084194195
0.2,0.,0.832493084194195
0.30000000000000004,0.,0.8324930841941948
0.4,0.,0.8324930841941948
0.5,0.,0.8324930841941948
0.6000000000000001,0.,0.832493084194195
0.7000000000000001,0.,0.832493084194195
0.8,0.,0.8324930841941948
0.9,0.,0.8324930841941948
1.,0.,0.8324930841941948
1.1,0.,0.8324930841941948
1.2000000000000002,0.,0.8324930841941948
1.3,0.,0.832493084194195
1.4000000000000001,0.,0.832493084194195
1.5,0.,0.832493084194195
1.6,0.,0.832493084194195
1.7000000000000002,0.,0.8324930841941948
1.8,0.,0.832493084194195
1.9000000000000001,0.,0.832493084194195
2.,0.,0.8324930841941948
0.,0.1,0.6114984644390057
0.1,0.1,0.673595751817447
0.2,0.1,0.7364365536522324
0.30000000000000004,0.1,0.758877631785877
0.4,0.1,0.7586882963227112
0.5,0.1,0.7384267653959458
0.6000000000000001,0.1,0.7591432017586529
0.7000000000000001,0.1,0.7639442543320822
0.8,0.1,0.7492687107935837
0.9,0.1,0.7120138695044365
1.,0.1,0.6808273048908902
1.1,0.1,0.7564600853619227
1.2000000000000002,0.1,0.7925152946726415
1.3,0.1,0.8015883677369109
1.4000000000000001,0.1,0.8041603078545484
1.5,0.1,0.8049122247750397
1.6,0.1,0.8050653769999757
1.7000000000000002,0.1,0.8050238412803726
1.8,0.1,0.8049038473512629
1.9000000000000001,0.1,0.8047698655236956
2.,0.1,0.8046340554468404
0.,0.2,0.5382397515066952
0.1,0.2,0.553461560833663
0.2,0.2,0.5872540465259533
0.30000000000000004,0.2,0.5898308735737208
0.4,0.2,0.5328086692998878
0.5,0.2,0.5106545638542095
0.6000000000000001,0.2,0.5403516319419158
0.7000000000000001,0.2,0.5783789767676842
0.8,0.2,0.5960215625753329
0.9,0.2,0.5935795100118508
1.,0.2,0.5956619826698774
1.1,0.2,0.6264696847510396
1.2000000000000002,0.2,0.6516091405287058
1.3,0.2,0.6634788958093267
1.4000000000000001,0.2,0.6681618564467082
1.5,0.2,0.6699282276669386
1.6,0.2,0.6705802590232018
1.7000000000000002,0.2,0.6708375022606523
1.8,0.2,0.6709086711760864
1.9000000000000001,0.2,0.6709091828942879
2.,0.2,0.6708703854350683
0.,0.30000000000000004,0.4353633215443911
0.1,0.30000000000000004,0.467859364759625
0.2,0.30000000000000004,0.4789901054618787
0.30000000000000004,0.30000000000000004,0.4660211373495101
0.4,0.30000000000000004,0.427352546628702
0.5,0.30000000000000004,0.41864889006483585
0.6000000000000001,0.30000000000000004,0.4477376549391782
0.7000000000000001,0.30000000000000004,0.46775067378159535
0.8,0.30000000000000004,0.4934712246348302
0.9,0.30000000000000004,0.5250835654773733
1.,0.30000000000000004,0.5407385845651634
1.1,0.30000000000000004,0.5671586699018001
1.2000000000000002,0.30000000000000004,0.5676330608994455
1.3,0.30000000000000004,0.5720768622151049
1.4000000000000001,0.30000000000000004,0.586608091132929
1.5,0.30000000000000004,0.6002135487104152
1.6,0.30000000000000004,0.6117319669909395
1.7000000000000002,0.30000000000000004,0.6213700451834289
1.8,0.30000000000000004,0.6292071086121197
1.9000000000000001,0.30000000000000004,0.6355192355587838
2.,0.30000000000000004,0.64057025606146
0.,0.4,0.3775626340679416
0.1,0.4,0.3958961165898617
0.2,0.4,0.3997093063444606
0.30000000000000004,0.4,0.38993128075241873
0.4,0.4,0.3721609893050875
0.5,0.4,0.37517073152565533
0.6000000000000001,0.4,0.39024845360910704
0.7000000000000001,0.4,0.4086673748968206
0.8,0.4,0.4263292207935179
0.9,0.4,0.44559769688339146
1.,0.4,0.467388030536587
1.1,0.4,0.48395676908985397
1.2000000000000002,0.4,0.4983893363051978
1.3,0.4,0.5125162168191721
1.4000000000000001,0.4,0.525391905123577
1.5,0.4,0.5362302704067587
1.6,0.4,0.5480981178822273
1.7000000000000002,0.4,0.5589885452217132
1.8,0.4,0.5683733738342605
1.9000000000000001,0.4,0.5763426077622641
2.,0.4,0.583204660515494
0.,0.5,0.3409620342929507
0.1,0.5,0.3471316348978655
0.2,0.5,0.3483876121238198
0.30000000000000004,0.5,0.3442276660156704
0.4,0.5,0.3464118262979542
0.5,0.5,0.3484751491740634
0.6000000000000001,0.5,0.3564469631235637
0.7000000000000001,0.5,0.36797072739577835
0.8,0.5,0.38316804458320003
0.9,0.5,0.3997104215140351
1.,0.5,0.4150614978679556
1.1,0.5,0.4363434597060109
1.2000000000000002,0.5,0.4508843715334886
1.3,0.5,0.4604134680165927
1.4000000000000001,0.5,0.47312227392563005
1.5,0.5,0.48784542004557147
1.6,0.5,0.5006050506252749
1.7000000000000002,0.5,0.511347105820676
1.8,0.5,0.5211310386694918
1.9000000000000001,0.5,0.5300422500211258
2.,0.5,0.5380109142494934
0.,0.6000000000000001,0.32100288942098554
0.1,0.6000000000000001,0.3222950352411842
0.2,0.6000000000000001,0.3242225918848338
0.30000000000000004,0.6000000000000001,0.32520737829458185
0.4,0.6000000000000001,0.3251030621497245
0.5,0.6000000000000001,0.32914002234887496
0.6000000000000001,0.6000000000000001,0.33546148272251264
0.7000000000000001,0.6000000000000001,0.3429404361357885
0.8,0.6000000000000001,0.35164677062163696
0.9,0.6000000000000001,0.36373410461465083
1.,0.6000000000000001,0.37855386664188134
1.1,0.6000000000000001,0.3901914584401774
1.2000000000000002,0.6000000000000001,0.40354462015770814
1.3,0.6000000000000001,0.4186202611434671
1.4000000000000001,0.6000000000000001,0.4338073224188981
1.5,0.6000000000000001,0.44496830839719187
1.6,0.6000000000000001,0.45489078483134315
1.7000000000000002,0.6000000000000001,0.4655960912188317
1.8,0.6000000000000001,0.47569670969965167
1.9000000000000001,0.6000000000000001,0.4853556177501072
2.,0.6000000000000001,0.49449032167939627
0.,0.7000000000000001,0.3087949759217788
0.1,0.7000000000000001,0.30836332445734643
0.2,0.7000000000000001,0.31064826498609704
0.30000000000000004,0.7000000000000001,0.31148920967443283
0.4,0.7000000000000001,0.3133055338937941
0.5,0.7000000000000001,0.31769585241105486
0.6000000000000001,0.7000000000000001,0.32223720268375544
0.7000000000000001,0.7000000000000001,0.3284612120745339
0.8,0.7000000000000001,0.334203084602995
0.9,0.7000000000000001,0.34212565404004286
1.,0.7000000000000001,0.35081115190279805
1.1,0.7000000000000001,0.3609725331462065
1.2000000000000002,0.7000000000000001,0.37134035980553554
1.3,0.7000000000000001,0.3830150571718531
1.4000000000000001,0.7000000000000001,0.39240123097759483
1.5,0.7000000000000001,0.40469701551933207
1.6,0.7000000000000001,0.41449785068504136
1.7000000000000002,0.7000000000000001,0.4253513300449
1.8,0.7000000000000001,0.43822757917190996
1.9000000000000001,0.7000000000000001,0.44835395494625635
2.,0.7000000000000001,0.4577347389208887
0.,0.8,0.3041104653419216
0.1,0.8,0.3043544559081053
0.2,0.8,0.30521783998755453
0.30000000000000004,0.8,0.3064293238978519
0.4,0.8,0.30862215179509783
0.5,0.8,0.3120401024476334
0.6000000000000001,0.8,0.315948751887618
0.7000000000000001,0.8,0.3211311458033442
0.8,0.8,0.3262022530925033
0.9,0.8,0.32895836446302207
1.,0.8,0.33543068688869915
1.1,0.8,0.34328449237941205
1.2000000000000002,0.8,0.35015997956972966
1.3,0.8,0.35937369131685903
1.4000000000000001,0.8,0.368036344299071
1.5,0.8,0.3755742851240513
1.6,0.8,0.3850543710489274
1.7000000000000002,0.8,0.3946703019187231
1.8,0.8,0.403984874214569
1.9000000000000001,0.8,0.415053349081715
2.,0.8,0.42482785184596517
0.,0.9,0.30675630296416545
0.1,0.9,0.3065784469418328
0.2,0.9,0.30723892100167133
0.30000000000000004,0.9,0.30707937578311817
0.4,0.9,0.3079482303084114
0.5,0.9,0.3097178858409401
0.6000000000000001,0.9,0.3126857740649029
0.7000000000000001,0.9,0.3159043723853357
0.8,0.9,0.3194974116753247
0.9,0.9,0.3233242263820146
1.,0.9,0.3263000972699923
1.1,0.9,0.33269442660560833
1.2000000000000002,0.9,0.33728689136151446
1.3,0.9,0.3427289102232203
1.4000000000000001,0.9,0.35036442145005786
1.5,0.9,0.3574236089568123
1.6,0.9,0.36510156060959176
1.7000000000000002,0.9,0.37330574088943297
1.8,0.9,0.3811345496924085
1.9000000000000001,0.9,0.3900241246046094
2.,0.9,0.3989344757605157
0.,1.,0.33447705390578253
0.1,1.,0.32770737935109623
0.2,1.,0.3182747840962608
0.30000000000000004,1.,0.3116497724479585
0.4,1.,0.30769079300081387
0.5,1.,0.3064934370738345
0.6000000000000001,1.,0.3075940287397498
0.7000000000000001,1.,0.3099749749645013
0.8,1.,0.31295143011827314
0.9,1.,0.3161576967553851
1.,1.,0.31979485183833023
1.1,1.,0.32411063251725764
1.2000000000000002,1.,0.33021040481686487
1.3,1.,0.3335819936296809
1.4000000000000001,1.,0.33614298811654325
1.5,1.,0.34065636424552304
1.6,1.,0.34635193178709406
1.7000000000000002,1.,0.35079810240980935
1.8,1.,0.3562782015093596
1.9000000000000001,1.,0.3629055253406482
2.,1.,0.3698980562518668
0.,1.1,0.305507914050627
0.1,1.1,0.304370796585828
0.2,1.1,0.3033581085431089
0.30000000000000004,1.1,0.30238306342152843
0.4,1.1,0.30158170453978056
0.5,1.1,0.30196401369777165
0.6000000000000001,1.1,0.30276848068880363
0.7000000000000001,1.1,0.30454114272013905
0.8,1.1,0.3063622893700341
0.9,1.1,0.30918193339981875
1.,1.1,0.3123847099616164
1.1,1.1,0.31565185355876024
1.2000000000000002,1.1,0.3186580107424254
1.3,1.1,0.32270163589763134
1.4000000000000001,1.1,0.32678841143805093
1.5,1.1,0.3291361069262686
1.6,1.1,0.33182268906808704
1.7000000000000002,1.1,0.33396719531505503
1.8,1.1,0.3375021485220091
1.9000000000000001,1.1,0.3414349270488839
2.,1.1,0.34611009867218856
0.,1.2000000000000002,0.3021673632063789
0.1,1.2000000000000002,0.30055824832292777
0.2,1.2000000000000002,0.29998500157952995
0.30000000000000004,1.2000000000000002,0.299447537767934
0.4,1.2000000000000002,0.2991825891531479
0.5,1.2000000000000002,0.29925820860894914
0.6000000000000001,1.2000000000000002,0.30004209815290206
0.7000000000000001,1.2000000000000002,0.30105039335381406
0.8,1.2000000000000002,0.3030933521554037
0.9,1.2000000000000002,0.3059254303152594
1.,1.2000000000000002,0.3080682029182473
1.1,1.2000000000000002,0.3104034926547893
1.2000000000000002,1.2000000000000002,0.3125464897123011
1.3,1.2000000000000002,0.3154740120183096
1.4000000000000001,1.2000000000000002,0.3201421328672965
1.5,1.2000000000000002,0.32426290553499587
1.6,1.2000000000000002,0.32688323070612973
1.7000000000000002,1.2000000000000002,0.32926789586414273
1.8,1.2000000000000002,0.33101038393690396
1.9000000000000001,1.2000000000000002,0.33489451895175704
2.,1.2000000000000002,0.33818335252149184
0.,1.3,0.30009340771584125
0.1,1.3,0.2991891561794047
0.2,1.3,0.29850588169811615
0.30000000000000004,1.3,0.2983529856608225
0.4,1.3,0.29806588866591166
0.5,1.3,0.29819530925152554
0.6000000000000001,1.3,0.29832065686348425
0.7000000000000001,1.3,0.29883055034870526
0.8,1.3,0.3003561251002287
0.9,1.3,0.3027988084295104
1.,1.3,0.30536236801855854
1.1,1.3,0.307509591452297
1.2000000000000002,1.3,0.3095471248157935
1.3,1.3,0.3111658316754009
1.4000000000000001,1.3,0.3144231937453355
1.5,1.3,0.318471070749817
1.6,1.3,0.32222124713053824
1.7000000000000002,1.3,0.3253525023841853
1.8,1.3,0.32777754851976293
1.9000000000000001,1.3,0.3297930848136527
2.,1.3,0.3329388056788318
0.,1.4000000000000001,0.30258379921311734
0.1,1.4000000000000001,0.30117587215531094
0.2,1.4000000000000001,0.2998705921972316
0.30000000000000004,1.4000000000000001,0.2984840734693419
0.4,1.4000000000000001,0.29789285292077594
0.5,1.4000000000000001,0.2974205560853552
0.6000000000000001,1.4000000000000001,0.2974482192198189
0.7000000000000001,1.4000000000000001,0.2977027640986019
0.8,1.4000000000000001,0.29836282213911625
0.9,1.4000000000000001,0.29966895720129233
1.,1.4000000000000001,0.30127402909809337
1.1,1.4000000000000001,0.30341164511013136
1.2000000000000002,1.4000000000000001,0.3054355471781889
1.3,1.4000000000000001,0.30755656545177223
1.4000000000000001,1.4000000000000001,0.30961835201352694
1.5,1.4000000000000001,0.3119309202152682
1.6,1.4000000000000001,0.3149595424685189
1.7000000000000002,1.4000000000000001,0.3172492977771571
1.8,1.4000000000000001,0.32047915740794736
1.9000000000000001,1.4000000000000001,0.32292838229421533
2.,1.4000000000000001,0.3248998693621137
0.,1.5,0.30017390499088725
0.1,1.5,0.29920763450865273
0.2,1.5,0.2982354627518048
0.30000000000000004,1.5,0.29763831293645393
0.4,1.5,0.29712290300504374
0.5,1.5,0.2969550165928116
0.6000000000000001,1.5,0.29700774081087855
0.7000000000000001,1.5,0.297034505665399
0.8,1.5,0.297015176305054
0.9,1.5,0.29794404327355734
1.,1.5,0.2990611962370368
1.1,1.5,0.30032414702457433
1.2000000000000002,1.5,0.30205788872791905
1.3,1.5,0.3040820213335972
1.4000000000000001,1.5,0.30650167976169146
1.5,1.5,0.3088751909675246
1.6,1.5,0.31137884070165117
1.7000000000000002,1.5,0.3134558841756379
1.8,1.5,0.3158221187719706
1.9000000000000001,1.5,0.31803535158836427
2.,1.5,0.3204219442728484
0.,1.6,0.2991346300956565
0.1,1.6,0.29817760349847
0.2,1.6,0.29708824549948243
0.30000000000000004,1.6,0.2963735283457381
0.4,1.6,0.29616223860046986
0.5,1.6,0.296095991763639
0.6000000000000001,1.6,0.29587246002763895
0.7000000000000001,1.6,0.2962301613634856
0.8,1.6,0.2966800929895103
0.9,1.6,0.2970805870136419
1.,1.6,0.2976707138642168
1.1,1.6,0.2983939869849546
1.2000000000000002,1.6,0.29984275685024814
1.3,1.6,0.30143638310878507
1.4000000000000001,1.6,0.303537534210847
1.5,1.6,0.305889696244069
1.6,1.6,0.30835480608449045
1.7000000000000002,1.6,0.3108635126824334
1.8,1.6,0.3127077599885392
1.9000000000000001,1.6,0.3147827299145998
2.,1.6,0.31668083762678306
0.,1.7000000000000002,0.29778629422706504
0.1,1.7000000000000002,0.2971607196604171
0.2,1.7000000000000002,0.2963000713206295
0.30000000000000004,1.7000000000000002,0.295642519639545
0.4,1.7000000000000002,0.29502279744797477
0.5,1.7000000000000002,0.2950717255174356
0.6000000000000001,1.7000000000000002,0.29502262110352123
0.7000000000000001,1.7000000000000002,0.2952221879012216
0.8,1.7000000000000002,0.2958117203832335
0.9,1.7000000000000002,0.2967868464909733
1.,1.7000000000000002,0.2975912920328144
1.1,1.7000000000000002,0.2977468867948632
1.2000000000000002,1.7000000000000002,0.29835566072654485
1.3,1.7000000000000002,0.29952720382499426
1.4000000000000001,1.7000000000000002,0.30098598658759657
1.5,1.7000000000000002,0.30324887857382743
1.6,1.7000000000000002,0.3051892148854262
1.7000000000000002,1.7000000000000002,0.307232877505455
1.8,1.7000000000000002,0.3091958008553162
1.9000000000000001,1.7000000000000002,0.3110582245861917
2.,1.7000000000000002,0.312611530742429
0.,1.8,0.29748702139975036
0.1,1.8,0.2967373776101697
0.2,1.8,0.29578185530243345
0.30000000000000004,1.8,0.2951203083328888
0.4,1.8,0.29449944482570306
0.5,1.8,0.2942968397528766
0.6000000000000001,1.8,0.2942621779576794
0.7000000000000001,1.8,0.29439046355377324
0.8,1.8,0.2950209173857876
0.9,1.8,0.2958096174181849
1.,1.8,0.2964043912976508
1.1,1.8,0.29740695411955503
1.2000000000000002,1.8,0.29798469085305745
1.3,1.8,0.2985273335581371
1.4000000000000001,1.8,0.29942304155907323
1.5,1.8,0.300966131643613
1.6,1.8,0.30244637137742336
1.7000000000000002,1.8,0.30410563232924204
1.8,1.8,0.3060387714965631
1.9000000000000001,1.8,0.3079860676293224
2.,1.8,0.310071457962164
0.,1.9000000000000001,0.29752223654564264
0.1,1.9000000000000001,0.29675589120766077
0.2,1.9000000000000001,0.2958827978806401
0.30000000000000004,1.9000000000000001,0.29535604721954667
0.4,1.9000000000000001,0.29480169282738833
0.5,1.9000000000000001,0.29405978404804384
0.6000000000000001,1.9000000000000001,0.29374114042725874
0.7000000000000001,1.9000000000000001,0.293778480761722
0.8,1.9000000000000001,0.29419339864544675
0.9,1.9000000000000001,0.29480317252984495
1.,1.9000000000000001,0.29548264140073527
1.1,1.9000000000000001,0.296254631544103
1.2000000000000002,1.9000000000000001,0.29717115889362944
1.3,1.9000000000000001,0.29810725033791646
1.4000000000000001,1.9000000000000001,0.2985019130676569
1.5,1.9000000000000001,0.2991609010252136
1.6,1.9000000000000001,0.30079848605110665
1.7000000000000002,1.9000000000000001,0.30183833682834577
1.8,1.9000000000000001,0.303740049725708
1.9000000000000001,1.9000000000000001,0.30529812912895316
2.,1.9000000000000001,0.30735093927080553
0.,2.,0.2986278241274726
0.1,2.,0.2975793135574886
0.2,2.,0.2959555241839975
0.30000000000000004,2.,0.29510413399189117
0.4,2.,0.294679887149979
0.5,2.,0.29413587224272886
0.6000000000000001,2.,0.29392925920325247
0.7000000000000001,2.,0.29366505635009466
0.8,2.,0.29387057422261864
0.9,2.,0.2944117454346566
1.,2.,0.2948406047544308
1.1,2.,0.2957366084157864
1.2000000000000002,2.,0.2964623985862204
1.3,2.,0.29692916608546566
1.4000000000000001,2.,0.29774393497738205
1.5,2.,0.2983872259534632
1.6,2.,0.29939800606649547
1.7000000000000002,2.,0.3007057027901783
1.8,2.,0.3017727045285974
1.9000000000000001,2.,0.3032221800453671
2.,2.,0.304002636168675
0.,2.1,0.297665
0.1,2.1,0.296716
0.2,2.1,0.295645
0.3,2.1,0.29517
0.4,2.1,0.294818
0.5,2.1,0.29427
0.6,2.1,0.293865
0.7,2.1,0.293664
0.8,2.1,0.29356
0.9,2.1,0.294024
1.,2.1,0.294589
1.1,2.1,0.294854
1.2,2.1,0.295587
1.3,2.1,0.296323
1.4,2.1,0.296979
1.5,2.1,0.297685
1.6,2.1,0.29806
1.7,2.1,0.298872
1.8,2.1,0.300417
1.9,2.1,0.301975
2.,2.1,0.303153
2.1,2.1,0.303586
2.1,2.,0.306068
2.1,1.9,0.309216
2.1,1.8,0.3103
2.1,1.7,0.314953
2.1,1.6,0.318641
2.1,1.5,0.322274
2.1,1.4,0.32767
2.1,1.3,0.336195
2.1,1.2,0.342219
2.1,1.1,0.351207
2.1,1.,0.376654
2.1,0.9,0.408962
2.1,0.8,0.433753
2.1,0.7,0.466226
2.1,0.6,0.502839
2.1,0.5,0.545171
2.1,0.4,0.589115
2.1,0.3,0.644639
2.1,0.2,0.67082
2.1,0.1,0.804509
2.1,0.,0.832493
0.,2.2,0.297102
0.1,2.2,0.296213
0.2,2.2,0.295261
0.3,2.2,0.294891
0.4,2.2,0.294762
0.5,2.2,0.294272
0.6,2.2,0.293759
0.7,2.2,0.293562
0.8,2.2,0.293414
0.9,2.2,0.293655
1.,2.2,0.294039
1.1,2.2,0.294623
1.2,2.2,0.295048
1.3,2.2,0.295502
1.4,2.2,0.296154
1.5,2.2,0.29703
1.6,2.2,0.297941
1.7,2.2,0.298108
1.8,2.2,0.29873
1.9,2.2,0.300131
2.,2.2,0.301608
2.1,2.2,0.302983
2.2,2.2,0.303653
2.2,2.1,0.304653
2.2,2.,0.308168
2.2,1.9,0.309396
2.2,1.8,0.312852
2.2,1.7,0.316868
2.2,1.6,0.320976
2.2,1.5,0.324743
2.2,1.4,0.330996
2.2,1.3,0.339064
2.2,1.2,0.346443
2.2,1.1,0.356469
2.2,1.,0.384458
2.2,0.9,0.417103
2.2,0.8,0.442353
2.2,0.7,0.474171
2.2,0.6,0.510434
2.2,0.5,0.551585
2.2,0.4,0.594243
2.2,0.3,0.647937
2.2,0.2,0.670766
2.2,0.1,0.804395
2.2,0.,0.832493
0.,2.3,0.296806
0.1,2.3,0.296115
0.2,2.3,0.295295
0.3,2.3,0.294805
0.4,2.3,0.294396
0.5,2.3,0.293948
0.6,2.3,0.293562
0.7,2.3,0.29341
0.8,2.3,0.29331
0.9,2.3,0.29343
1.,2.3,0.293811
1.1,2.3,0.29424
1.2,2.3,0.294839
1.3,2.3,0.295168
1.4,2.3,0.295858
1.5,2.3,0.296578
1.6,2.3,0.297393
1.7,2.3,0.298008
1.8,2.3,0.298303
1.9,2.3,0.298837
2.,2.3,0.300101
2.1,2.3,0.301388
2.2,2.3,0.302698
2.3,2.3,0.30343
2.3,2.2,0.304081
2.3,2.1,0.30672
2.3,2.,0.30857
2.3,1.9,0.311677
2.3,1.8,0.314507
2.3,1.7,0.318996
2.3,1.6,0.323708
2.3,1.5,0.327868
2.3,1.4,0.334101
2.3,1.3,0.342235
2.3,1.2,0.351233
2.3,1.1,0.361836
2.3,1.,0.390806
2.3,0.9,0.424561
2.3,0.8,0.450514
2.3,0.7,0.481549
2.3,0.6,0.517357
2.3,0.5,0.557318
2.3,0.4,0.598691
2.3,0.3,0.650634
2.3,0.2,0.670711
2.3,0.1,0.804292
2.3,0.,0.832493
0.,2.4,0.296814
0.1,2.4,0.296168
0.2,2.4,0.295557
0.3,2.4,0.294996
0.4,2.4,0.294324
0.5,2.4,0.293921
0.6,2.4,0.293551
0.7,2.4,0.293351
0.8,2.4,0.293234
0.9,2.4,0.293176
1.,2.4,0.293389
1.1,2.4,0.293872
1.2,2.4,0.294302
1.3,2.4,0.294719
1.4,2.4,0.295085
1.5,2.4,0.295968
1.6,2.4,0.297064
1.7,2.4,0.297648
1.8,2.4,0.297972
1.9,2.4,0.298324
2.,2.4,0.29874
2.1,2.4,0.300219
2.2,2.4,0.301256
2.3,2.4,0.302652
2.4,2.4,0.303441
2.4,2.3,0.30374
2.4,2.2,0.306189
2.4,2.1,0.307047
2.4,2.,0.310303
2.4,1.9,0.313402
2.4,1.8,0.315782
2.4,1.7,0.322049
2.4,1.6,0.326411
2.4,1.5,0.331128
2.4,1.4,0.336801
2.4,1.3,0.345308
2.4,1.2,0.355789
2.4,1.1,0.36793
2.4,1.,0.396082
2.4,0.9,0.431677
2.4,0.8,0.45826
2.4,0.7,0.488389
2.4,0.6,0.523697
2.4,0.5,0.562428
2.4,0.4,0.602568
2.4,0.3,0.652865
2.4,0.2,0.670661
2.4,0.1,0.804201
2.4,0.,0.832493
0.,2.5,0.296911
0.1,2.5,0.296406
0.2,2.5,0.295656
0.3,2.5,0.294908
0.4,2.5,0.294326
0.5,2.5,0.293808
0.6,2.5,0.293372
0.7,2.5,0.293147
0.8,2.5,0.292996
0.9,2.5,0.292999
1.,2.5,0.293091
1.1,2.5,0.293504
1.2,2.5,0.293932
1.3,2.5,0.294343
1.4,2.5,0.294894
1.5,2.5,0.29533
1.6,2.5,0.29619
1.7,2.5,0.297083
1.8,2.5,0.297562
1.9,2.5,0.29805
2.,2.5,0.298483
2.1,2.5,0.298704
2.2,2.5,0.300121
2.3,2.5,0.300743
2.4,2.5,0.302086
2.5,2.5,0.303049
2.5,2.4,0.303497
2.5,2.3,0.305869
2.5,2.2,0.306427
2.5,2.1,0.30854
2.5,2.,0.311659
2.5,1.9,0.313991
2.5,1.8,0.318732
2.5,1.7,0.32468
2.5,1.6,0.329429
2.5,1.5,0.334039
2.5,1.4,0.340003
2.5,1.3,0.349024
2.5,1.2,0.361564
2.5,1.1,0.371985
2.5,1.,0.40178
2.5,0.9,0.438383
2.5,0.8,0.465583
2.5,0.7,0.494718
2.5,0.6,0.529483
2.5,0.5,0.56698
2.5,0.4,0.605955
2.5,0.3,0.654725
2.5,0.2,0.670613
2.5,0.1,0.804119
2.5,0.,0.832493
0.,2.6,0.296625
0.1,2.6,0.296349
0.2,2.6,0.295824
0.3,2.6,0.29503
0.4,2.6,0.294071
0.5,2.6,0.293703
0.6,2.6,0.293387
0.7,2.6,0.293126
0.8,2.6,0.292896
0.9,2.6,0.29294
1.,2.6,0.292959
1.1,2.6,0.293141
1.2,2.6,0.293429
1.3,2.6,0.293837
1.4,2.6,0.294478
1.5,2.6,0.29491
1.6,2.6,0.295381
1.7,2.6,0.296298
1.8,2.6,0.297052
1.9,2.6,0.297515
2.,2.6,0.298104
2.1,2.6,0.298575
2.2,2.6,0.298892
2.3,2.6,0.300261
2.4,2.6,0.300918
2.5,2.6,0.301824
2.6,2.6,0.302597
2.6,2.5,0.303078
2.6,2.4,0.305392
2.6,2.3,0.306128
2.6,2.2,0.307435
2.6,2.1,0.309251
2.6,2.,0.311976
2.6,1.9,0.317013
2.6,1.8,0.321236
2.6,1.7,0.326789
2.6,1.6,0.331794
2.6,1.5,0.336638
2.6,1.4,0.343274
2.6,1.3,0.353305
2.6,1.2,0.366231
2.6,1.1,0.376445
2.6,1.,0.407098
2.6,0.9,0.444663
2.6,0.8,0.47244
2.6,0.7,0.500566
2.6,0.6,0.534757
2.6,0.5,0.571042
2.6,0.4,0.608931
2.6,0.3,0.656295
2.6,0.2,0.67057
2.6,0.1,0.804047
2.6,0.,0.832493
0.,2.7,0.29656
0.1,2.7,0.296216
0.2,2.7,0.295678
0.3,2.7,0.294934
0.4,2.7,0.294074
0.5,2.7,0.293584
0.6,2.7,0.293298
0.7,2.7,0.293182
0.8,2.7,0.293024
0.9,2.7,0.29288
1.,2.7,0.292782
1.1,2.7,0.292848
1.2,2.7,0.293272
1.3,2.7,0.293514
1.4,2.7,0.293714
1.5,2.7,0.294511
1.6,2.7,0.294941
1.7,2.7,0.295628
1.8,2.7,0.296504
1.9,2.7,0.297002
2.,2.7,0.297684
2.1,2.7,0.298323
2.2,2.7,0.298573
2.3,2.7,0.298714
2.4,2.7,0.299959
2.5,2.7,0.301084
2.6,2.7,0.302108
2.7,2.7,0.30269
2.7,2.6,0.302679
2.7,2.5,0.304764
2.7,2.4,0.3054
2.7,2.3,0.306772
2.7,2.2,0.307848
2.7,2.1,0.310162
2.7,2.,0.315274
2.7,1.9,0.318922
2.7,1.8,0.323342
2.7,1.7,0.328755
2.7,1.6,0.334018
2.7,1.5,0.339774
2.7,1.4,0.346623
2.7,1.3,0.35769
2.7,1.2,0.369656
2.7,1.1,0.380609
2.7,1.,0.412294
2.7,0.9,0.450552
2.7,0.8,0.478817
2.7,0.7,0.505973
2.7,0.6,0.539552
2.7,0.5,0.574671
2.7,0.4,0.611551
2.7,0.3,0.657627
2.7,0.2,0.67053
2.7,0.1,0.803982
2.7,0.,0.832493
0.,2.8,0.296437
0.1,2.8,0.296277
0.2,2.8,0.295746
0.3,2.8,0.294994
0.4,2.8,0.294016
0.5,2.8,0.293433
0.6,2.8,0.293199
0.7,2.8,0.293082
0.8,2.8,0.293016
0.9,2.8,0.292771
1.,2.8,0.292838
1.1,2.8,0.292729
1.2,2.8,0.293037
1.3,2.8,0.293424
1.4,2.8,0.293688
1.5,2.8,0.293926
1.6,2.8,0.294382
1.7,2.8,0.294972
1.8,2.8,0.295779
1.9,2.8,0.29654
2.,2.8,0.297093
2.1,2.8,0.297772
2.2,2.8,0.298337
2.3,2.8,0.298623
2.4,2.8,0.298795
2.5,2.8,0.299766
2.6,2.8,0.300878
2.7,2.8,0.302076
2.8,2.8,0.302868
2.8,2.7,0.302516
2.8,2.6,0.304401
2.8,2.5,0.304601
2.8,2.4,0.305834
2.8,2.3,0.307299
2.8,2.2,0.308655
2.8,2.1,0.313065
2.8,2.,0.317487
2.8,1.9,0.320611
2.8,1.8,0.324897
2.8,1.7,0.331388
2.8,1.6,0.338094
2.8,1.5,0.342732
2.8,1.4,0.35032
2.8,1.3,0.360837
2.8,1.2,0.373776
2.8,1.1,0.384683
2.8,1.,0.417377
2.8,0.9,0.456057
2.8,0.8,0.484716
2.8,0.7,0.510959
2.8,0.6,0.543904
2.8,0.5,0.577924
2.8,0.4,0.613871
2.8,0.3,0.65877
2.8,0.2,0.670495
2.8,0.1,0.803924
2.8,0.,0.832493
0.,2.9,0.29658
0.1,2.9,0.29624
0.2,2.9,0.295534
0.3,2.9,0.294829
0.4,2.9,0.294078
0.5,2.9,0.293456
0.6,2.9,0.29307
0.7,2.9,0.29297
0.8,2.9,0.292995
0.9,2.9,0.292782
1.,2.9,0.292634
1.1,2.9,0.292689
1.2,2.9,0.292937
1.3,2.9,0.293257
1.4,2.9,0.293358
1.5,2.9,0.293629
1.6,2.9,0.294016
1.7,2.9,0.294402
1.8,2.9,0.295083
1.9,2.9,0.295734
2.,2.9,0.296331
2.1,2.9,0.29722
2.2,2.9,0.298075
2.3,2.9,0.298435
2.4,2.9,0.298691
2.5,2.9,0.298843
2.6,2.9,0.299864
2.7,2.9,0.300804
2.8,2.9,0.301821
2.9,2.9,0.302541
2.9,2.8,0.302653
2.9,2.7,0.30391
2.9,2.6,0.304444
2.9,2.5,0.304817
2.9,2.4,0.306791
2.9,2.3,0.307419
2.9,2.2,0.310371
2.9,2.1,0.315363
2.9,2.,0.319358
2.9,1.9,0.321265
2.9,1.8,0.327151
2.9,1.7,0.335113
2.9,1.6,0.340107
2.9,1.5,0.345976
2.9,1.4,0.353717
2.9,1.3,0.364353
2.9,1.2,0.37728
2.9,1.1,0.388772
2.9,1.,0.422337
2.9,0.9,0.461181
2.9,0.8,0.490149
2.9,0.7,0.515549
2.9,0.6,0.547852
2.9,0.5,0.580844
2.9,0.4,0.61593
2.9,0.3,0.659757
2.9,0.2,0.670462
2.9,0.1,0.803872
2.9,0.,0.832493
0.,3.,0.29677
0.1,3.,0.296349
0.2,3.,0.295615
0.3,3.,0.294847
0.4,3.,0.294136
0.5,3.,0.29351
0.6,3.,0.29308
0.7,3.,0.292884
0.8,3.,0.292855
0.9,3.,0.292694
1.,3.,0.292377
1.1,3.,0.292625
1.2,3.,0.292668
1.3,3.,0.292989
1.4,3.,0.293301
1.5,3.,0.293425
1.6,3.,0.293668
1.7,3.,0.294086
1.8,3.,0.294695
1.9,3.,0.29539
2.,3.,0.295846
2.1,3.,0.296272
2.2,3.,0.297229
2.3,3.,0.298075
2.4,3.,0.298507
2.5,3.,0.298721
2.6,3.,0.298942
2.7,3.,0.299779
2.8,3.,0.300635
2.9,3.,0.301613
3.,3.,0.302228
3.,2.9,0.302606
3.,2.8,0.303761
3.,2.7,0.304246
3.,2.6,0.304391
3.,2.5,0.306141
3.,2.4,0.306755
3.,2.3,0.308347
3.,2.2,0.313068
3.,2.1,0.316852
3.,2.,0.320469
3.,1.9,0.32297
3.,1.8,0.330316
3.,1.7,0.336813
3.,1.6,0.34389
3.,1.5,0.349807
3.,1.4,0.356471
3.,1.3,0.36767
3.,1.2,0.380619
3.,1.1,0.39284
3.,1.,0.427174
3.,0.9,0.465957
3.,0.8,0.495144
3.,0.7,0.519771
3.,0.6,0.551436
3.,0.5,0.583476
3.,0.4,0.617767
3.,0.3,0.660616
3.,0.2,0.670433
3.,0.1,0.803824
3.,0.,0.832493
0.,3.1,0.296802
0.1,3.1,0.296353
0.2,3.1,0.295636
0.3,3.1,0.294855
0.4,3.1,0.294216
0.5,3.1,0.293462
0.6,3.1,0.293056
0.7,3.1,0.292812
0.8,3.1,0.292722
0.9,3.1,0.292696
1.,3.1,0.292324
1.1,3.1,0.292477
1.2,3.1,0.292728
1.3,3.1,0.292867
1.4,3.1,0.293064
1.5,3.1,0.293169
1.6,3.1,0.293609
1.7,3.1,0.293871
1.8,3.1,0.294213
1.9,3.1,0.294792
2.,3.1,0.29545
2.1,3.1,0.295888
2.2,3.1,0.296523
2.3,3.1,0.29719
2.4,3.1,0.297732
2.5,3.1,0.298113
2.6,3.1,0.298803
2.7,3.1,0.29927
2.8,3.1,0.299804
2.9,3.1,0.300342
3.,3.1,0.301453
3.1,3.1,0.302111
3.1,3.,0.302259
3.1,2.9,0.303736
3.1,2.8,0.304089
3.1,2.7,0.304078
3.1,2.6,0.305781
3.1,2.5,0.305951
3.1,2.4,0.307817
3.1,2.3,0.31074
3.1,2.2,0.314698
3.1,2.1,0.317863
3.1,2.,0.321978
3.1,1.9,0.325091
3.1,1.8,0.332586
3.1,1.7,0.340161
3.1,1.6,0.34707
3.1,1.5,0.352171
3.1,1.4,0.359628
3.1,1.3,0.370799
3.1,1.2,0.383832
3.1,1.1,0.396882
3.1,1.,0.431868
3.1,0.9,0.470393
3.1,0.8,0.499728
3.1,0.7,0.523649
3.1,0.6,0.554691
3.1,0.5,0.585854
3.1,0.4,0.61941
3.1,0.3,0.661368
3.1,0.2,0.670406
3.1,0.1,0.803782
3.1,0.,0.832493
0.,3.2,0.296916
0.1,3.2,0.296409
0.2,3.2,0.295667
0.3,3.2,0.294932
0.4,3.2,0.294341
0.5,3.2,0.293579
0.6,3.2,0.293043
0.7,3.2,0.29282
0.8,3.2,0.292638
0.9,3.2,0.292514
1.,3.2,0.292233
1.1,3.2,0.292306
1.2,3.2,0.292631
1.3,3.2,0.292667
1.4,3.2,0.292923
1.5,3.2,0.29314
1.6,3.2,0.29316
1.7,3.2,0.293659
1.8,3.2,0.293975
1.9,3.2,0.294546
2.,3.2,0.295016
2.1,3.2,0.295431
2.2,3.2,0.295878
2.3,3.2,0.29678
2.4,3.2,0.29748
2.5,3.2,0.297798
2.6,3.2,0.297949
2.7,3.2,0.298901
2.8,3.2,0.299487
2.9,3.2,0.299877
3.,3.2,0.300274
3.1,3.2,0.301139
3.2,3.2,0.301797
3.2,3.1,0.302193
3.2,3.,0.303046
3.2,2.9,0.304292
3.2,2.8,0.303718
3.2,2.7,0.305569
3.2,2.6,0.305232
3.2,2.5,0.307202
3.2,2.4,0.309074
3.2,2.3,0.312421
3.2,2.2,0.315778
3.2,2.1,0.319112
3.2,2.,0.323954
3.2,1.9,0.327196
3.2,1.8,0.335295
3.2,1.7,0.343263
3.2,1.6,0.349978
3.2,1.5,0.355426
3.2,1.4,0.362397
3.2,1.3,0.373858
3.2,1.2,0.386953
3.2,1.1,0.400903
3.2,1.,0.436419
3.2,0.9,0.474539
3.2,0.8,0.503935
3.2,0.7,0.527214
3.2,0.6,0.557652
3.2,0.5,0.58801
3.2,0.4,0.620887
3.2,0.3,0.66203
3.2,0.2,0.670382
3.2,0.1,0.803743
3.2,0.,0.832493
0.,3.3,0.296893
0.1,3.3,0.296468
0.2,3.3,0.295762
0.3,3.3,0.294984
0.4,3.3,0.294331
0.5,3.3,0.293595
0.6,3.3,0.293082
0.7,3.3,0.292881
0.8,3.3,0.292593
0.9,3.3,0.292497
1.,3.3,0.292352
1.1,3.3,0.292239
1.2,3.3,0.292488
1.3,3.3,0.292587
1.4,3.3,0.292757
1.5,3.3,0.29308
1.6,3.3,0.293195
1.7,3.3,0.293344
1.8,3.3,0.293783
1.9,3.3,0.294231
2.,3.3,0.294783
2.1,3.3,0.295215
2.2,3.3,0.2956
2.3,3.3,0.296117
2.4,3.3,0.296859
2.5,3.3,0.297385
2.6,3.3,0.298054
2.7,3.3,0.298051
2.8,3.3,0.299004
2.9,3.3,0.299484
3.,3.3,0.299585
3.1,3.3,0.300195
3.2,3.3,0.301288
3.3,3.3,0.301971
3.3,3.2,0.301899
3.3,3.1,0.302683
3.3,3.,0.30396
3.3,2.9,0.303692
3.3,2.8,0.305203
3.3,2.7,0.305103
3.3,2.6,0.30667
3.3,2.5,0.308009
3.3,2.4,0.310682
3.3,2.3,0.313716
3.3,2.2,0.316355
3.3,2.1,0.321043
3.3,2.,0.326128
3.3,1.9,0.329235
3.3,1.8,0.338571
3.3,1.7,0.346431
3.3,1.6,0.353007
3.3,1.5,0.357929
3.3,1.4,0.365129
3.3,1.3,0.376807
3.3,1.2,0.390028
3.3,1.1,0.404895
3.3,1.,0.44082
3.3,0.9,0.478414
3.3,0.8,0.507795
3.3,0.7,0.530493
3.3,0.6,0.560351
3.3,0.5,0.589969
3.3,0.4,0.622218
3.3,0.3,0.662617
3.3,0.2,0.67036
3.3,0.1,0.803708
3.3,0.,0.832493
0.,3.4,0.296782
0.1,3.4,0.296434
0.2,3.4,0.2958
0.3,3.4,0.295036
0.4,3.4,0.294412
0.5,3.4,0.293663
0.6,3.4,0.293037
0.7,3.4,0.292805
0.8,3.4,0.292609
0.9,3.4,0.292403
1.,3.4,0.292347
1.1,3.4,0.29226
1.2,3.4,0.292455
1.3,3.4,0.292431
1.4,3.4,0.292624
1.5,3.4,0.292932
1.6,3.4,0.293119
1.7,3.4,0.293247
1.8,3.4,0.293568
1.9,3.4,0.294164
2.,3.4,0.294756
2.1,3.4,0.295013
2.2,3.4,0.295318
2.3,3.4,0.295708
2.4,3.4,0.296507
2.5,3.4,0.297168
2.6,3.4,0.29739
2.7,3.4,0.297899
2.8,3.4,0.298232
2.9,3.4,0.299085
3.,3.4,0.29948
3.1,3.4,0.29943
3.2,3.4,0.300027
3.3,3.4,0.301178
3.4,3.4,0.301923
3.4,3.3,0.301884
3.4,3.2,0.302558
3.4,3.1,0.303672
3.4,3.,0.303472
3.4,2.9,0.304934
3.4,2.8,0.305031
3.4,2.7,0.306165
3.4,2.6,0.307836
3.4,2.5,0.309625
3.4,2.4,0.311882
3.4,2.3,0.314229
3.4,2.2,0.317986
3.4,2.1,0.323571
3.4,2.,0.327501
3.4,1.9,0.331921
3.4,1.8,0.341262
3.4,1.7,0.348945
3.4,1.6,0.355732
3.4,1.5,0.360447
3.4,1.4,0.367844
3.4,1.3,0.379663
3.4,1.2,0.393094
3.4,1.1,0.408862
3.4,1.,0.445059
3.4,0.9,0.482055
3.4,0.8,0.511342
3.4,0.7,0.533515
3.4,0.6,0.562817
3.4,0.5,0.591755
3.4,0.4,0.623422
3.4,0.3,0.663139
3.4,0.2,0.67034
3.4,0.1,0.803676
3.4,0.,0.832493
0.,3.5,0.296691
0.1,3.5,0.296386
0.2,3.5,0.295885
0.3,3.5,0.295182
0.4,3.5,0.294574
0.5,3.5,0.293804
0.6,3.5,0.293155
0.7,3.5,0.292829
0.8,3.5,0.292555
0.9,3.5,0.29229
1.,3.5,0.292308
1.1,3.5,0.292207
1.2,3.5,0.292317
1.3,3.5,0.292475
1.4,3.5,0.292505
1.5,3.5,0.292812
1.6,3.5,0.293061
1.7,3.5,0.293193
1.8,3.5,0.293393
1.9,3.5,0.293728
2.,3.5,0.294481
2.1,3.5,0.29498
2.2,3.5,0.29523
2.3,3.5,0.295581
2.4,3.5,0.295897
2.5,3.5,0.296689
2.6,3.5,0.297507
2.7,3.5,0.297766
2.8,3.5,0.298042
2.9,3.5,0.298513
3.,3.5,0.299117
3.1,3.5,0.299364
3.2,3.5,0.299557
3.3,3.5,0.300322
3.4,3.5,0.301299
3.5,3.5,0.301722
3.5,3.4,0.302019
3.5,3.3,0.302496
3.5,3.2,0.303692
3.5,3.1,0.303072
3.5,3.,0.304651
3.5,2.9,0.304799
3.5,2.8,0.306019
3.5,2.7,0.307553
3.5,2.6,0.308907
3.5,2.5,0.31068
3.5,2.4,0.312621
3.5,2.3,0.315405
3.5,2.2,0.320486
3.5,2.1,0.325272
3.5,2.,0.329419
3.5,1.9,0.334294
3.5,1.8,0.343619
3.5,1.7,0.352326
3.5,1.6,0.358063
3.5,1.5,0.362923
3.5,1.4,0.370494
3.5,1.3,0.382441
3.5,1.2,0.396179
3.5,1.1,0.412796
3.5,1.,0.449137
3.5,0.9,0.485485
3.5,0.8,0.514604
3.5,0.7,0.536303
3.5,0.6,0.565074
3.5,0.5,0.593388
3.5,0.4,0.624515
3.5,0.3,0.663606
3.5,0.2,0.670322
3.5,0.1,0.803647
3.5,0.,0.832493
0.,3.6,0.296665
0.1,3.6,0.296432
0.2,3.6,0.295934
0.3,3.6,0.295243
0.4,3.6,0.29462
0.5,3.6,0.293843
0.6,3.6,0.293192
0.7,3.6,0.292844
0.8,3.6,0.292632
0.9,3.6,0.292325
1.,3.6,0.292192
1.1,3.6,0.292259
1.2,3.6,0.292286
1.3,3.6,0.292414
1.4,3.6,0.29235
1.5,3.6,0.292689
1.6,3.6,0.292993
1.7,3.6,0.293231
1.8,3.6,0.29347
1.9,3.6,0.293506
2.,3.6,0.294055
2.1,3.6,0.294753
2.2,3.6,0.2951
2.3,3.6,0.295432
2.4,3.6,0.295799
2.5,3.6,0.296246
2.6,3.6,0.296857
2.7,3.6,0.297438
2.8,3.6,0.297963
2.9,3.6,0.298103
3.,3.6,0.298731
3.1,3.6,0.299127
3.2,3.6,0.299341
3.3,3.6,0.29965
3.4,3.6,0.300645
3.5,3.6,0.301672
3.6,3.6,0.302097
3.6,3.5,0.301871
3.6,3.4,0.302891
3.6,3.3,0.303447
3.6,3.2,0.303169
3.6,3.1,0.303969
3.6,3.,0.304842
3.6,2.9,0.305894
3.6,2.8,0.307418
3.6,2.7,0.308246
3.6,2.6,0.310093
3.6,2.5,0.311431
3.6,2.4,0.313361
3.6,2.3,0.317662
3.6,2.2,0.321952
3.6,2.1,0.326813
3.6,2.,0.331133
3.6,1.9,0.336209
3.6,1.8,0.347098
3.6,1.7,0.354954
3.6,1.6,0.360452
3.6,1.5,0.365417
3.6,1.4,0.373087
3.6,1.3,0.385153
3.6,1.2,0.399288
3.6,1.1,0.416683
3.6,1.,0.453056
3.6,0.9,0.488732
3.6,0.8,0.517612
3.6,0.7,0.538883
3.6,0.6,0.567146
3.6,0.5,0.594884
3.6,0.4,0.625508
3.6,0.3,0.664026
3.6,0.2,0.670305
3.6,0.1,0.803621
3.6,0.,0.832493
0.,3.7,0.296585
0.1,3.7,0.296385
0.2,3.7,0.295956
0.3,3.7,0.295366
0.4,3.7,0.294828
0.5,3.7,0.294124
0.6,3.7,0.29337
0.7,3.7,0.292939
0.8,3.7,0.292576
0.9,3.7,0.292245
1.,3.7,0.292054
1.1,3.7,0.292152
1.2,3.7,0.292231
1.3,3.7,0.292369
1.4,3.7,0.292492
1.5,3.7,0.292542
1.6,3.7,0.292999
1.7,3.7,0.293229
1.8,3.7,0.293481
1.9,3.7,0.293628
2.,3.7,0.293616
2.1,3.7,0.294244
2.2,3.7,0.294825
2.3,3.7,0.295288
2.4,3.7,0.295692
2.5,3.7,0.295942
2.6,3.7,0.296541
2.7,3.7,0.297246
2.8,3.7,0.297584
2.9,3.7,0.297955
3.,3.7,0.298096
3.1,3.7,0.298822
3.2,3.7,0.299125
3.3,3.7,0.299388
3.4,3.7,0.299796
3.5,3.7,0.3007
3.6,3.7,0.301563
3.7,3.7,0.302029
3.7,3.6,0.302195
3.7,3.5,0.302824
3.7,3.4,0.30368
3.7,3.3,0.303267
3.7,3.2,0.303759
3.7,3.1,0.304369
3.7,3.,0.305824
3.7,2.9,0.307108
3.7,2.8,0.308121
3.7,2.7,0.3096
3.7,2.6,0.310911
3.7,2.5,0.311821
3.7,2.4,0.315244
3.7,2.3,0.318874
3.7,2.2,0.323202
3.7,2.1,0.328894
3.7,2.,0.33229
3.7,1.9,0.33937
3.7,1.8,0.349761
3.7,1.7,0.357517
3.7,1.6,0.362802
3.7,1.5,0.3679
3.7,1.4,0.375631
3.7,1.3,0.387851
3.7,1.2,0.402409
3.7,1.1,0.420512
3.7,1.,0.456822
3.7,0.9,0.491812
3.7,0.8,0.520391
3.7,0.7,0.541274
3.7,0.6,0.569051
3.7,0.5,0.596259
3.7,0.4,0.626415
3.7,0.3,0.664404
3.7,0.2,0.670289
3.7,0.1,0.803596
3.7,0.,0.832493
0.,3.8,0.29672
0.1,3.8,0.296494
0.2,3.8,0.296015
0.3,3.8,0.295441
0.4,3.8,0.294908
0.5,3.8,0.294184
0.6,3.8,0.293505
0.7,3.8,0.29305
0.8,3.8,0.292659
0.9,3.8,0.292289
1.,3.8,0.292055
1.1,3.8,0.292062
1.2,3.8,0.292205
1.3,3.8,0.292248
1.4,3.8,0.292389
1.5,3.8,0.292454
1.6,3.8,0.292916
1.7,3.8,0.293295
1.8,3.8,0.293535
1.9,3.8,0.293811
2.,3.8,0.293683
2.1,3.8,0.293911
2.2,3.8,0.294534
2.3,3.8,0.294973
2.4,3.8,0.295477
2.5,3.8,0.295962
2.6,3.8,0.296282
2.7,3.8,0.29675
2.8,3.8,0.297475
2.9,3.8,0.297757
3.,3.8,0.298115
3.1,3.8,0.29831
3.2,3.8,0.298848
3.3,3.8,0.299141
3.4,3.8,0.299327
3.5,3.8,0.299956
3.6,3.8,0.300877
3.7,3.8,0.301666
3.8,3.8,0.302068
3.8,3.7,0.30222
3.8,3.6,0.302912
3.8,3.5,0.303599
3.8,3.4,0.30353
3.8,3.3,0.303761
3.8,3.2,0.304127
3.8,3.1,0.305616
3.8,3.,0.306716
3.8,2.9,0.308139
3.8,2.8,0.30887
3.8,2.7,0.31073
3.8,2.6,0.311222
3.8,2.5,0.313321
3.8,2.4,0.316892
3.8,2.3,0.319916
3.8,2.2,0.325387
3.8,2.1,0.330586
3.8,2.,0.333943
3.8,1.9,0.342125
3.8,1.8,0.352145
3.8,1.7,0.360005
3.8,1.6,0.365154
3.8,1.5,0.370357
3.8,1.4,0.37815
3.8,1.3,0.390501
3.8,1.2,0.405532
3.8,1.1,0.424274
3.8,1.,0.460439
3.8,0.9,0.494742
3.8,0.8,0.522966
3.8,0.7,0.543497
3.8,0.6,0.570808
3.8,0.5,0.597524
3.8,0.4,0.627245
3.8,0.3,0.664747
3.8,0.2,0.670275
3.8,0.1,0.803574
3.8,0.,0.832493
0.,3.9,0.296768
0.1,3.9,0.296475
0.2,3.9,0.295959
0.3,3.9,0.29547
0.4,3.9,0.294951
0.5,3.9,0.294285
0.6,3.9,0.293705
0.7,3.9,0.293141
0.8,3.9,0.292715
0.9,3.9,0.29232
1.,3.9,0.292087
1.1,3.9,0.291956
1.2,3.9,0.292072
1.3,3.9,0.292182
1.4,3.9,0.292348
1.5,3.9,0.292465
1.6,3.9,0.292693
1.7,3.9,0.29322
1.8,3.9,0.293423
1.9,3.9,0.293738
2.,3.9,0.293986
2.1,3.9,0.293744
2.2,3.9,0.294176
2.3,3.9,0.294795
2.4,3.9,0.295258
2.5,3.9,0.295719
2.6,3.9,0.296025
2.7,3.9,0.296526
2.8,3.9,0.297054
2.9,3.9,0.297694
3.,3.9,0.297769
3.1,3.9,0.29812
3.2,3.9,0.298582
3.3,3.9,0.298942
3.4,3.9,0.299227
3.5,3.9,0.299323
3.6,3.9,0.299929
3.7,3.9,0.300753
3.8,3.9,0.301481
3.9,3.9,0.302024
3.9,3.8,0.302195
3.9,3.7,0.303096
3.9,3.6,0.303216
3.9,3.5,0.303608
3.9,3.4,0.30375
3.9,3.3,0.304108
3.9,3.2,0.305461
3.9,3.1,0.306191
3.9,3.,0.308112
3.9,2.9,0.30882
3.9,2.8,0.310217
3.9,2.7,0.311263
3.9,2.6,0.312022
3.9,2.5,0.315398
3.9,2.4,0.317613
3.9,2.3,0.321237
3.9,2.2,0.327228
3.9,2.1,0.331183
3.9,2.,0.33623
3.9,1.9,0.344685
3.9,1.8,0.354712
3.9,1.7,0.362407
3.9,1.6,0.367484
3.9,1.5,0.372847
3.9,1.4,0.380629
3.9,1.3,0.393124
3.9,1.2,0.408645
3.9,1.1,0.427959
3.9,1.,0.463915
3.9,0.9,0.497536
3.9,0.8,0.525358
3.9,0.7,0.545567
3.9,0.6,0.572432
3.9,0.5,0.598692
3.9,0.4,0.628007
3.9,0.3,0.665058
3.9,0.2,0.670262
3.9,0.1,0.803553
3.9,0.,0.832493
0.,4.,0.296868
0.1,4.,0.296538
0.2,4.,0.296013
0.3,4.,0.295494
0.4,4.,0.29497
0.5,4.,0.294374
0.6,4.,0.29388
0.7,4.,0.293321
0.8,4.,0.292797
0.9,4.,0.29237
1.,4.,0.292103
1.1,4.,0.291929
1.2,4.,0.292022
1.3,4.,0.2921
1.4,4.,0.292175
1.5,4.,0.292298
1.6,4.,0.292488
1.7,4.,0.293089
1.8,4.,0.293477
1.9,4.,0.293686
2.,4.,0.293947
2.1,4.,0.293963
2.2,4.,0.293969
2.3,4.,0.294471
2.4,4.,0.294938
2.5,4.,0.295449
2.6,4.,0.29597
2.7,4.,0.296186
2.8,4.,0.296622
2.9,4.,0.297206
3.,4.,0.297812
3.1,4.,0.297884
3.2,4.,0.298218
3.3,4.,0.298806
3.4,4.,0.299092
3.5,4.,0.299289
3.6,4.,0.299509
3.7,4.,0.30012
3.8,4.,0.300856
3.9,4.,0.301427
4.,4.,0.301821
4.,3.9,0.302359
4.,3.8,0.303047
4.,3.7,0.303205
4.,3.6,0.303241
4.,3.5,0.303886
4.,3.4,0.303778
4.,3.3,0.305441
4.,3.2,0.305801
4.,3.1,0.307906
4.,3.,0.308874
4.,2.9,0.309892
4.,2.8,0.311016
4.,2.7,0.311312
4.,2.6,0.314229
4.,2.5,0.316187
4.,2.4,0.318887
4.,2.3,0.323074
4.,2.2,0.328137
4.,2.1,0.333857
4.,2.,0.338068
4.,1.9,0.347091
4.,1.8,0.357179
4.,1.7,0.36471
4.,1.6,0.369899
4.,1.5,0.375305
4.,1.4,0.383078
4.,1.3,0.395715
4.,1.2,0.411735
4.,1.1,0.43156
4.,1.,0.467255
4.,0.9,0.500204
4.,0.8,0.527587
4.,0.7,0.547498
4.,0.6,0.573935
4.,0.5,0.599771
4.,0.4,0.628707
4.,0.3,0.665342
4.,0.2,0.67025
4.,0.1,0.803534
4.,0.,0.832493
0.,4.1,0.29701
0.1,4.1,0.29667
0.2,4.1,0.296093
0.3,4.1,0.295552
0.4,4.1,0.295065
0.5,4.1,0.294464
0.6,4.1,0.294054
0.7,4.1,0.293493
0.8,4.1,0.29296
0.9,4.1,0.292491
1.,4.1,0.292115
1.1,4.1,0.291866
1.2,4.1,0.291874
1.3,4.1,0.291965
1.4,4.1,0.292136
1.5,4.1,0.292331
1.6,4.1,0.292431
1.7,4.1,0.292868
1.8,4.1,0.293384
1.9,4.1,0.293655
2.,4.1,0.293944
2.1,4.1,0.2941
2.2,4.1,0.293882
2.3,4.1,0.294129
2.4,4.1,0.294745
2.5,4.1,0.295187
2.6,4.1,0.295635
2.7,4.1,0.296006
2.8,4.1,0.296371
2.9,4.1,0.296783
3.,4.1,0.297311
3.1,4.1,0.297631
3.2,4.1,0.29786
3.3,4.1,0.298333
3.4,4.1,0.299023
3.5,4.1,0.299297
3.6,4.1,0.29942
3.7,4.1,0.299683
3.8,4.1,0.300298
3.9,4.1,0.301083
4.,4.1,0.301742
4.1,4.1,0.302184
4.1,4.,0.30215
4.1,3.9,0.303212
4.1,3.8,0.303096
4.1,3.7,0.303329
4.1,3.6,0.303551
4.1,3.5,0.3036
4.1,3.4,0.305176
4.1,3.3,0.305545
4.1,3.2,0.307623
4.1,3.1,0.308618
4.1,3.,0.309532
4.1,2.9,0.3107
4.1,2.8,0.311339
4.1,2.7,0.312843
4.1,2.6,0.315357
4.1,2.5,0.317251
4.1,2.4,0.320192
4.1,2.3,0.324575
4.1,2.2,0.329922
4.1,2.1,0.335516
4.1,2.,0.339906
4.1,1.9,0.349722
4.1,1.8,0.35962
4.1,1.7,0.366987
4.1,1.6,0.372315
4.1,1.5,0.377749
4.1,1.4,0.385501
4.1,1.3,0.398275
4.1,1.2,0.414792
4.1,1.1,0.435072
4.1,1.,0.470466
4.1,0.9,0.502757
4.1,0.8,0.52967
4.1,0.7,0.549306
4.1,0.6,0.57533
4.1,0.5,0.600771
4.1,0.4,0.629352
4.1,0.3,0.665602
4.1,0.2,0.670239
4.1,0.1,0.803516
4.1,0.,0.832493
0.,4.2,0.296904
0.1,4.2,0.296621
0.2,4.2,0.296104
0.3,4.2,0.295616
0.4,4.2,0.295161
0.5,4.2,0.294536
0.6,4.2,0.29416
0.7,4.2,0.293607
0.8,4.2,0.293101
0.9,4.2,0.292611
1.,4.2,0.292224
1.1,4.2,0.29195
1.2,4.2,0.291854
1.3,4.2,0.291933
1.4,4.2,0.292025
1.5,4.2,0.29216
1.6,4.2,0.29244
1.7,4.2,0.292738
1.8,4.2,0.293274
1.9,4.2,0.293625
2.,4.2,0.293946
2.1,4.2,0.29413
2.2,4.2,0.294178
2.3,4.2,0.294054
2.4,4.2,0.294389
2.5,4.2,0.29495
2.6,4.2,0.295507
2.7,4.2,0.295967
2.8,4.2,0.296062
2.9,4.2,0.296493
3.,4.2,0.296929
3.1,4.2,0.297657
3.2,4.2,0.297626
3.3,4.2,0.297838
3.4,4.2,0.298468
3.5,4.2,0.299063
3.6,4.2,0.299386
3.7,4.2,0.29955
3.8,4.2,0.299933
3.9,4.2,0.300476
4.,4.2,0.301124
4.1,4.2,0.301588
4.2,4.2,0.302091
4.2,4.1,0.302311
4.2,4.,0.303122
4.2,3.9,0.303177
4.2,3.8,0.30346
4.2,3.7,0.303347
4.2,3.6,0.303251
4.2,3.5,0.305072
4.2,3.4,0.305477
4.2,3.3,0.307265
4.2,3.2,0.308462
4.2,3.1,0.309409
4.2,3.,0.310563
4.2,2.9,0.311235
4.2,2.8,0.31211
4.2,2.7,0.314149
4.2,2.6,0.31595
4.2,2.5,0.318636
4.2,2.4,0.32161
4.2,2.3,0.325466
4.2,2.2,0.33163
4.2,2.1,0.337155
4.2,2.,0.341776
4.2,1.9,0.352222
4.2,1.8,0.361976
4.2,1.7,0.369266
4.2,1.6,0.374736
4.2,1.5,0.380175
4.2,1.4,0.387893
4.2,1.3,0.4008
4.2,1.2,0.417808
4.2,1.1,0.438493
4.2,1.,0.473554
4.2,0.9,0.505201
4.2,0.8,0.531621
4.2,0.7,0.550999
4.2,0.6,0.576627
4.2,0.5,0.6017
4.2,0.4,0.629948
4.2,0.3,0.66584
4.2,0.2,0.670229
4.2,0.1,0.803499
4.2,0.,0.832493
0.,4.3,0.297025
0.1,4.3,0.2967
0.2,4.3,0.296154
0.3,4.3,0.295648
0.4,4.3,0.295212
0.5,4.3,0.294557
0.6,4.3,0.294215
0.7,4.3,0.293727
0.8,4.3,0.293232
0.9,4.3,0.292706
1.,4.3,0.292254
1.1,4.3,0.291969
1.2,4.3,0.29178
1.3,4.3,0.291897
1.4,4.3,0.29193
1.5,4.3,0.292114
1.6,4.3,0.292413
1.7,4.3,0.292633
1.8,4.3,0.293142
1.9,4.3,0.293569
2.,4.3,0.29392
2.1,4.3,0.294192
2.2,4.3,0.294196
2.3,4.3,0.294232
2.4,4.3,0.294298
2.5,4.3,0.294818
2.6,4.3,0.295254
2.7,4.3,0.295687
2.8,4.3,0.296138
2.9,4.3,0.296193
3.,4.3,0.296649
3.1,4.3,0.297034
3.2,4.3,0.297721
3.3,4.3,0.297663
3.4,4.3,0.298076
3.5,4.3,0.298825
3.6,4.3,0.299107
3.7,4.3,0.299475
3.8,4.3,0.299547
3.9,4.3,0.300202
4.,4.3,0.300722
4.1,4.3,0.301406
4.2,4.3,0.301699
4.3,4.3,0.301985
4.3,4.2,0.302425
4.3,4.1,0.303126
4.3,4.,0.30336
4.3,3.9,0.303531
4.3,3.8,0.303426
4.3,3.7,0.302896
4.3,3.6,0.305126
4.3,3.5,0.30541
4.3,3.4,0.30695
4.3,3.3,0.308147
4.3,3.2,0.309239
4.3,3.1,0.310353
4.3,3.,0.310983
4.3,2.9,0.311516
4.3,2.8,0.31347
4.3,2.7,0.314769
4.3,2.6,0.317689
4.3,2.5,0.319667
4.3,2.4,0.322318
4.3,2.3,0.327603
4.3,2.2,0.333099
4.3,2.1,0.338748
4.3,2.,0.34389
4.3,1.9,0.354666
4.3,1.8,0.364374
4.3,1.7,0.371519
4.3,1.6,0.377163
4.3,1.5,0.382588
4.3,1.4,0.390255
4.3,1.3,0.403288
4.3,1.2,0.420776
4.3,1.1,0.441823
4.3,1.,0.476525
4.3,0.9,0.507545
4.3,0.8,0.533454
4.3,0.7,0.55259
4.3,0.6,0.577835
4.3,0.5,0.602563
4.3,0.4,0.6305
4.3,0.3,0.666058
4.3,0.2,0.670219
4.3,0.1,0.803484
4.3,0.,0.832493
0.,4.4,0.297008
0.1,4.4,0.29673
0.2,4.4,0.296199
0.3,4.4,0.295714
0.4,4.4,0.29529
0.5,4.4,0.294613
0.6,4.4,0.294292
0.7,4.4,0.293844
0.8,4.4,0.293376
0.9,4.4,0.292905
1.,4.4,0.292409
1.1,4.4,0.292093
1.2,4.4,0.291853
1.3,4.4,0.291918
1.4,4.4,0.291906
1.5,4.4,0.292015
1.6,4.4,0.292262
1.7,4.4,0.292616
1.8,4.4,0.293056
1.9,4.4,0.293464
2.,4.4,0.293813
2.1,4.4,0.294179
2.2,4.4,0.294287
2.3,4.4,0.294358
2.4,4.4,0.2944
2.5,4.4,0.294531
2.6,4.4,0.295107
2.7,4.4,0.295555
2.8,4.4,0.295905
2.9,4.4,0.296158
3.,4.4,0.296295
3.1,4.4,0.296829
3.2,4.4,0.297346
3.3,4.4,0.29774
3.4,4.4,0.297743
3.5,4.4,0.298311
3.6,4.4,0.299191
3.7,4.4,0.299352
3.8,4.4,0.299767
3.9,4.4,0.299679
4.,4.4,0.300342
4.1,4.4,0.300793
4.2,4.4,0.301469
4.3,4.4,0.301934
4.4,4.4,0.302318
4.4,4.3,0.302318
4.4,4.2,0.303446
4.4,4.1,0.303408
4.4,4.,0.303775
4.4,3.9,0.303351
4.4,3.8,0.302916
4.4,3.7,0.30475
4.4,3.6,0.305538
4.4,3.5,0.306525
4.4,3.4,0.307901
4.4,3.3,0.308665
4.4,3.2,0.309919
4.4,3.1,0.310759
4.4,3.,0.311559
4.4,2.9,0.312524
4.4,2.8,0.314229
4.4,2.7,0.315595
4.4,2.6,0.318722
4.4,2.5,0.320474
4.4,2.4,0.3242
4.4,2.3,0.328988
4.4,2.2,0.334529
4.4,2.1,0.340417
4.4,2.,0.345889
4.4,1.9,0.357195
4.4,1.8,0.366719
4.4,1.7,0.373776
4.4,1.6,0.379585
4.4,1.5,0.38498
4.4,1.4,0.392584
4.4,1.3,0.405736
4.4,1.2,0.423694
4.4,1.1,0.445061
4.4,1.,0.479386
4.4,0.9,0.509793
4.4,0.8,0.535181
4.4,0.7,0.554085
4.4,0.6,0.578962
4.4,0.5,0.603367
4.4,0.4,0.631011
4.4,0.3,0.66626
4.4,0.2,0.67021
4.4,0.1,0.80347
4.4,0.,0.832493
0.,4.5,0.296968
0.1,4.5,0.296736
0.2,4.5,0.296242
0.3,4.5,0.295793
0.4,4.5,0.29543
0.5,4.5,0.294713
0.6,4.5,0.294297
0.7,4.5,0.293956
0.8,4.5,0.293484
0.9,4.5,0.29301
1.,4.5,0.292544
1.1,4.5,0.292148
1.2,4.5,0.291947
1.3,4.5,0.291923
1.4,4.5,0.291974
1.5,4.5,0.292006
1.6,4.5,0.292293
1.7,4.5,0.292602
1.8,4.5,0.292882
1.9,4.5,0.293418
2.,4.5,0.293748
2.1,4.5,0.294161
2.2,4.5,0.294388
2.3,4.5,0.294383
2.4,4.5,0.294568
2.5,4.5,0.294652
2.6,4.5,0.294885
2.7,4.5,0.295312
2.8,4.5,0.295693
2.9,4.5,0.296086
3.,4.5,0.296197
3.1,4.5,0.296405
3.2,4.5,0.296855
3.3,4.5,0.297615
3.4,4.5,0.297793
3.5,4.5,0.29789
3.6,4.5,0.298531
3.7,4.5,0.299329
3.8,4.5,0.299508
3.9,4.5,0.300003
4.,4.5,0.299943
4.1,4.5,0.300508
4.2,4.5,0.300996
4.3,4.5,0.301495
4.4,4.5,0.301784
4.5,4.5,0.302151
4.5,4.4,0.302678
4.5,4.3,0.303367
4.5,4.2,0.303769
4.5,4.1,0.303772
4.5,4.,0.303319
4.5,3.9,0.303142
4.5,3.8,0.304474
4.5,3.7,0.305491
4.5,3.6,0.306211
4.5,3.5,0.307807
4.5,3.4,0.308525
4.5,3.3,0.309423
4.5,3.2,0.31059
4.5,3.1,0.311487
4.5,3.,0.312027
4.5,2.9,0.313411
4.5,2.8,0.314454
4.5,2.7,0.317557
4.5,2.6,0.319675
4.5,2.5,0.321819
4.5,2.4,0.325673
4.5,2.3,0.330404
4.5,2.2,0.335841
4.5,2.1,0.342242
4.5,2.,0.348071
4.5,1.9,0.359639
4.5,1.8,0.369027
4.5,1.7,0.376044
4.5,1.6,0.382003
4.5,1.5,0.387346
4.5,1.4,0.394877
4.5,1.3,0.408144
4.5,1.2,0.426558
4.5,1.1,0.44821
4.5,1.,0.482139
4.5,0.9,0.511952
4.5,0.8,0.536811
4.5,0.7,0.555494
4.5,0.6,0.580016
4.5,0.5,0.604117
4.5,0.4,0.631487
4.5,0.3,0.666446
4.5,0.2,0.670202
4.5,0.1,0.803456
4.5,0.,0.832493
0.,4.6,0.296976
0.1,4.6,0.296772
0.2,4.6,0.296289
0.3,4.6,0.295775
0.4,4.6,0.295355
0.5,4.6,0.294673
0.6,4.6,0.294276
0.7,4.6,0.293998
0.8,4.6,0.293554
0.9,4.6,0.2931
1.,4.6,0.292641
1.1,4.6,0.292229
1.2,4.6,0.292009
1.3,4.6,0.291968
1.4,4.6,0.292105
1.5,4.6,0.292007
1.6,4.6,0.292226
1.7,4.6,0.292509
1.8,4.6,0.292792
1.9,4.6,0.293249
2.,4.6,0.293648
2.1,4.6,0.294086
2.2,4.6,0.294405
2.3,4.6,0.294465
2.4,4.6,0.294521
2.5,4.6,0.294691
2.6,4.6,0.294709
2.7,4.6,0.295123
2.8,4.6,0.295609
2.9,4.6,0.295891
3.,4.6,0.29621
3.1,4.6,0.296254
3.2,4.6,0.29664
3.3,4.6,0.296986
3.4,4.6,0.297689
3.5,4.6,0.297751
3.6,4.6,0.298103
3.7,4.6,0.299007
3.8,4.6,0.299495
3.9,4.6,0.299715
4.,4.6,0.300195
4.1,4.6,0.300169
4.2,4.6,0.3005
4.3,4.6,0.301183
4.4,4.6,0.30172
4.5,4.6,0.301934
4.6,4.6,0.302136
4.6,4.5,0.302733
4.6,4.4,0.303397
4.6,4.3,0.303958
4.6,4.2,0.303788
4.6,4.1,0.303346
4.6,4.,0.303226
4.6,3.9,0.304335
4.6,3.8,0.305358
4.6,3.7,0.306008
4.6,3.6,0.307602
4.6,3.5,0.308592
4.6,3.4,0.309469
4.6,3.3,0.310123
4.6,3.2,0.311118
4.6,3.1,0.311684
4.6,3.,0.313068
4.6,2.9,0.313875
4.6,2.8,0.316304
4.6,2.7,0.318618
4.6,2.6,0.320244
4.6,2.5,0.323124
4.6,2.4,0.326983
4.6,2.3,0.331777
4.6,2.2,0.337438
4.6,2.1,0.344004
4.6,2.,0.350233
4.6,1.9,0.362073
4.6,1.8,0.371312
4.6,1.7,0.378327
4.6,1.6,0.38441
4.6,1.5,0.389685
4.6,1.4,0.397135
4.6,1.3,0.41051
4.6,1.2,0.429367
4.6,1.1,0.45127
4.6,1.,0.484791
4.6,0.9,0.514026
4.6,0.8,0.538353
4.6,0.7,0.556823
4.6,0.6,0.581002
4.6,0.5,0.604818
4.6,0.4,0.63193
4.6,0.3,0.666619
4.6,0.2,0.670194
4.6,0.1,0.803444
4.6,0.,0.832493
0.,4.7,0.296971
0.1,4.7,0.296797
0.2,4.7,0.296352
0.3,4.7,0.295838
0.4,4.7,0.295378
0.5,4.7,0.294679
0.6,4.7,0.294187
0.7,4.7,0.293897
0.8,4.7,0.293512
0.9,4.7,0.293097
1.,4.7,0.292646
1.1,4.7,0.292266
1.2,4.7,0.292044
1.3,4.7,0.291994
1.4,4.7,0.29216
1.5,4.7,0.292115
1.6,4.7,0.29222
1.7,4.7,0.292431
1.8,4.7,0.292764
1.9,4.7,0.293091
2.,4.7,0.293563
2.1,4.7,0.293958
2.2,4.7,0.294407
2.3,4.7,0.294566
2.4,4.7,0.294587
2.5,4.7,0.294758
2.6,4.7,0.29488
2.7,4.7,0.294927
2.8,4.7,0.295313
2.9,4.7,0.295753
3.,4.7,0.296086
3.1,4.7,0.296324
3.2,4.7,0.296322
3.3,4.7,0.296818
3.4,4.7,0.297302
3.5,4.7,0.297892
3.6,4.7,0.29777
3.7,4.7,0.298245
3.8,4.7,0.299276
3.9,4.7,0.299549
4.,4.7,0.299798
4.1,4.7,0.300264
4.2,4.7,0.300318
4.3,4.7,0.300493
4.4,4.7,0.301208
4.5,4.7,0.301735
4.6,4.7,0.301986
4.7,4.7,0.302168
4.7,4.6,0.302647
4.7,4.5,0.303505
4.7,4.4,0.303905
4.7,4.3,0.303955
4.7,4.2,0.303255
4.7,4.1,0.303496
4.7,4.,0.303918
4.7,3.9,0.305494
4.7,3.8,0.305545
4.7,3.7,0.307512
4.7,3.6,0.3083
4.7,3.5,0.308962
4.7,3.4,0.309832
4.7,3.3,0.310539
4.7,3.2,0.311589
4.7,3.1,0.312908
4.7,3.,0.313587
4.7,2.9,0.314544
4.7,2.8,0.317296
4.7,2.7,0.319265
4.7,2.6,0.321675
4.7,2.5,0.324267
4.7,2.4,0.328284
4.7,2.3,0.332958
4.7,2.2,0.339004
4.7,2.1,0.345853
4.7,2.,0.352425
4.7,1.9,0.364478
4.7,1.8,0.373575
4.7,1.7,0.38062
4.7,1.6,0.386798
4.7,1.5,0.391992
4.7,1.4,0.399357
4.7,1.3,0.412837
4.7,1.2,0.43212
4.7,1.1,0.454244
4.7,1.,0.487345
4.7,0.9,0.51602
4.7,0.8,0.539816
4.7,0.7,0.558078
4.7,0.6,0.581927
4.7,0.5,0.605474
4.7,0.4,0.632343
4.7,0.3,0.666779
4.7,0.2,0.670187
4.7,0.1,0.803432
4.7,0.,0.832493
0.,4.8,0.296976
0.1,4.8,0.296804
0.2,4.8,0.296355
0.3,4.8,0.2958
0.4,4.8,0.295344
0.5,4.8,0.29468
0.6,4.8,0.294174
0.7,4.8,0.293874
0.8,4.8,0.293485
0.9,4.8,0.293089
1.,4.8,0.292663
1.1,4.8,0.292322
1.2,4.8,0.29206
1.3,4.8,0.292019
1.4,4.8,0.29219
1.5,4.8,0.292267
1.6,4.8,0.292207
1.7,4.8,0.292388
1.8,4.8,0.292683
1.9,4.8,0.292929
2.,4.8,0.293378
2.1,4.8,0.293776
2.2,4.8,0.294293
2.3,4.8,0.294551
2.4,4.8,0.294603
2.5,4.8,0.294718
2.6,4.8,0.294982
2.7,4.8,0.294997
2.8,4.8,0.295255
2.9,4.8,0.295673
3.,4.8,0.295949
3.1,4.8,0.296221
3.2,4.8,0.296399
3.3,4.8,0.296566
3.4,4.8,0.296962
3.5,4.8,0.297521
3.6,4.8,0.297973
3.7,4.8,0.297924
3.8,4.8,0.298439
3.9,4.8,0.299434
4.,4.8,0.299522
4.1,4.8,0.299871
4.2,4.8,0.300271
4.3,4.8,0.300436
4.4,4.8,0.300589
4.5,4.8,0.301258
4.6,4.8,0.301851
4.7,4.8,0.302096
4.8,4.8,0.302149
4.8,4.7,0.302688
4.8,4.6,0.303488
4.8,4.5,0.304022
4.8,4.4,0.303856
4.8,4.3,0.303449
4.8,4.2,0.303602
4.8,4.1,0.303564
4.8,4.,0.305517
4.8,3.9,0.305477
4.8,3.8,0.307099
4.8,3.7,0.308195
4.8,3.6,0.308447
4.8,3.5,0.309558
4.8,3.4,0.310252
4.8,3.3,0.311425
4.8,3.2,0.312362
4.8,3.1,0.313579
4.8,3.,0.313584
4.8,2.9,0.315947
4.8,2.8,0.318532
4.8,2.7,0.320959
4.8,2.6,0.322731
4.8,2.5,0.325505
4.8,2.4,0.329505
4.8,2.3,0.334533
4.8,2.2,0.340703
4.8,2.1,0.347663
4.8,2.,0.354653
4.8,1.9,0.366858
4.8,1.8,0.375822
4.8,1.7,0.382927
4.8,1.6,0.389165
4.8,1.5,0.394266
4.8,1.4,0.401544
4.8,1.3,0.415124
4.8,1.2,0.434817
4.8,1.1,0.457135
4.8,1.,0.489807
4.8,0.9,0.517938
4.8,0.8,0.541205
4.8,0.7,0.559266
4.8,0.6,0.582795
4.8,0.5,0.606089
4.8,0.4,0.632728
4.8,0.3,0.666928
4.8,0.2,0.67018
4.8,0.1,0.803421
4.8,0.,0.832493
0.,4.9,0.297
0.1,4.9,0.296793
0.2,4.9,0.296359
0.3,4.9,0.295851
0.4,4.9,0.295377
0.5,4.9,0.294714
0.6,4.9,0.294194
0.7,4.9,0.293827
0.8,4.9,0.293454
0.9,4.9,0.29311
1.,4.9,0.292676
1.1,4.9,0.292278
1.2,4.9,0.292089
1.3,4.9,0.292055
1.4,4.9,0.292127
1.5,4.9,0.292351
1.6,4.9,0.292247
1.7,4.9,0.292425
1.8,4.9,0.29259
1.9,4.9,0.292861
2.,4.9,0.293269
2.1,4.9,0.293681
2.2,4.9,0.294108
2.3,4.9,0.29458
2.4,4.9,0.29469
2.5,4.9,0.294748
2.6,4.9,0.295003
2.7,4.9,0.295205
2.8,4.9,0.295146
2.9,4.9,0.295433
3.,4.9,0.295848
3.1,4.9,0.296123
3.2,4.9,0.296316
3.3,4.9,0.296381
3.4,4.9,0.296812
3.5,4.9,0.297199
3.6,4.9,0.297777
3.7,4.9,0.298002
3.8,4.9,0.29805
3.9,4.9,0.298731
4.,4.9,0.299588
4.1,4.9,0.299575
4.2,4.9,0.299951
4.3,4.9,0.300189
4.4,4.9,0.300384
4.5,4.9,0.300591
4.6,4.9,0.301173
4.7,4.9,0.301904
4.8,4.9,0.302353
4.9,4.9,0.302337
4.9,4.8,0.302739
4.9,4.7,0.303443
4.9,4.6,0.304221
4.9,4.5,0.303827
4.9,4.4,0.303613
4.9,4.3,0.303752
4.9,4.2,0.303238
4.9,4.1,0.305438
4.9,4.,0.305662
4.9,3.9,0.306559
4.9,3.8,0.307917
4.9,3.7,0.308641
4.9,3.6,0.309398
4.9,3.5,0.309974
4.9,3.4,0.311127
4.9,3.3,0.311687
4.9,3.2,0.313252
4.9,3.1,0.313987
4.9,3.,0.31467
4.9,2.9,0.317178
4.9,2.8,0.319631
4.9,2.7,0.321963
4.9,2.6,0.323673
4.9,2.5,0.326732
4.9,2.4,0.330521
4.9,2.3,0.336021
4.9,2.2,0.342418
4.9,2.1,0.349498
4.9,2.,0.356913
4.9,1.9,0.36921
4.9,1.8,0.378054
4.9,1.7,0.385238
4.9,1.6,0.39151
4.9,1.5,0.396503
4.9,1.4,0.403696
4.9,1.3,0.417374
4.9,1.2,0.437459
4.9,1.1,0.459945
4.9,1.,0.492178
4.9,0.9,0.519783
4.9,0.8,0.542527
4.9,0.7,0.56039
4.9,0.6,0.583611
4.9,0.5,0.606666
4.9,0.4,0.633089
4.9,0.3,0.667066
4.9,0.2,0.670174
4.9,0.1,0.803411
4.9,0.,0.832493
0.,5.,0.296969
0.1,5.,0.296787
0.2,5.,0.296433
0.3,5.,0.295945
0.4,5.,0.29548
0.5,5.,0.294845
0.6,5.,0.294303
0.7,5.,0.293847
0.8,5.,0.293483
0.9,5.,0.293098
1.,5.,0.292699
1.1,5.,0.292301
1.2,5.,0.292134
1.3,5.,0.29211
1.4,5.,0.292124
1.5,5.,0.292395
1.6,5.,0.292377
1.7,5.,0.292417
1.8,5.,0.29256
1.9,5.,0.292879
2.,5.,0.293071
2.1,5.,0.293529
2.2,5.,0.293946
2.3,5.,0.294464
2.4,5.,0.294735
2.5,5.,0.294719
2.6,5.,0.294869
2.7,5.,0.295159
2.8,5.,0.295264
2.9,5.,0.295357
3.,5.,0.295638
3.1,5.,0.295969
3.2,5.,0.296207
3.3,5.,0.296416
3.4,5.,0.296538
3.5,5.,0.29696
3.6,5.,0.297427
3.7,5.,0.298074
3.8,5.,0.298072
3.9,5.,0.298129
4.,5.,0.298956
4.1,5.,0.299663
4.2,5.,0.299663
4.3,5.,0.300053
4.4,5.,0.300213
4.5,5.,0.300503
4.6,5.,0.300831
4.7,5.,0.301185
4.8,5.,0.301833
4.9,5.,0.302371
5.,5.,0.302328
5.,4.9,0.302942
5.,4.8,0.303544
5.,4.7,0.304166
5.,4.6,0.304146
5.,4.5,0.303585
5.,4.4,0.303984
5.,4.3,0.303029
5.,4.2,0.305437
5.,4.1,0.305531
5.,4.,0.306445
5.,3.9,0.307528
5.,3.8,0.308692
5.,3.7,0.309204
5.,3.6,0.30969
5.,3.5,0.31066
5.,3.4,0.311589
5.,3.3,0.312813
5.,3.2,0.313843
5.,3.1,0.314407
5.,3.,0.315384
5.,2.9,0.318086
5.,2.8,0.32099
5.,2.7,0.32294
5.,2.6,0.324789
5.,2.5,0.327791
5.,2.4,0.331952
5.,2.3,0.337527
5.,2.2,0.34416
5.,2.1,0.351339
5.,2.,0.359202
5.,1.9,0.37153
5.,1.8,0.380281
5.,1.7,0.38755
5.,1.6,0.393829
5.,1.5,0.398704
5.,1.4,0.405815
5.,1.3,0.419588
5.,1.2,0.440046
5.,1.1,0.462676
5.,1.,0.494464
5.,0.9,0.521559
5.,0.8,0.543786
5.,0.7,0.561457
5.,0.6,0.58438
5.,0.5,0.607208
5.,0.4,0.633427
5.,0.3,0.667195
5.,0.2,0.670168
5.,0.1,0.803402
5.,0.,0.832493
